NASDAQ_Screener,NASDAQ_Listed,NASDAQ_Traded,Yahoo,MarketWatch
A,AACG,Y,AAPL,
AA,AADI,Y,MSFT,
AACG,AADR,Y,GOOGL,
AACT,AAL,Y,AMZN,
AADI,AAME,Y,META,
AAL,AAOI,Y,NVDA,
AAM,AAON,Y,TSLA,
AAME,AAPB,Y,HTGC,
AAMI,AAPD,Y,,
AAOI,AAPGV,Y,,
AAON,AAPL,Y,,
AAP,AAPU,Y,,
AAPGV,AAXJ,Y,,
AAPL,ABAT,Y,,
AAT,ABCL,Y,,
AB,ABCS,Y,,
ABAT,ABEO,Y,,
ABBV,ABL,Y,,
ABCB,ABLLL,Y,,
ABCL,ABLLW,Y,,
ABEO,ABLV,Y,,
ABEV,ABLVW,Y,,
ABG,ABNB,Y,,
ABL,ABOS,Y,,
ABLLL,ABP,Y,,
ABLLW,ABPWW,Y,,
ABLV,ABSI,Y,,
ABLVW,ABTS,Y,,
ABM,ABUS,Y,,
ABNB,ABVC,Y,,
ABOS,ABVE,Y,,
ABP,ABVEW,Y,,
ABPWW,ABVX,Y,,
ABR,ACAD,Y,,
ABR^D,ACB,Y,,
ABR^E,ACCD,Y,,
ABR^F,ACDC,Y,,
ABSI,ACET,Y,,
ABT,ACGL,Y,,
ABTS,ACGLN,Y,,
ABUS,ACGLO,Y,,
ABVC,ACHC,Y,,
ABVE,ACHL,Y,,
ABVEW,ACHV,Y,,
ABVX,ACIC,Y,,
AC,ACIU,Y,,
ACA,ACIW,Y,,
ACAD,ACLS,Y,,
ACB,ACLX,Y,,
ACCD,ACMR,Y,,
ACCO,ACNB,Y,,
ACDC,ACNT,Y,,
ACEL,ACOG,Y,,
ACET,ACON,Y,,
ACGL,ACONW,Y,,
ACGLN,ACRS,Y,,
ACGLO,ACRV,Y,,
ACHC,ACT,Y,,
ACHL,ACTG,Y,,
ACHR,ACTU,Y,,
ACHV,ACVA,Y,,
ACI,ACWI,Y,,
ACIC,ACWX,Y,,
ACIU,ACXP,Y,,
ACIW,ADAG,Y,,
ACLS,ADAP,Y,,
ACLX,ADBE,Y,,
ACM,ADD,Y,,
ACMR,ADEA,Y,,
ACN,ADGM,Y,,
ACNB,ADI,Y,,
ACNT,ADIL,Y,,
ACOG,ADMA,Y,,
ACON,ADN,Y,,
ACONW,ADNWW,Y,,
ACP,ADP,Y,,
ACP^A,ADPT,Y,,
ACR,ADSE,Y,,
ACR^C,ADSEW,Y,,
ACR^D,ADSK,Y,,
ACRE,ADTN,Y,,
ACRS,ADTX,Y,,
ACRV,ADUR,Y,,
ACT,ADUS,Y,,
ACTG,ADV,Y,,
ACTU,ADVM,Y,,
ACU,ADVWW,Y,,
ACV,ADXN,Y,,
ACVA,AEHL,Y,,
ACXP,AEHR,Y,,
ADAG,AEI,Y,,
ADAP,AEIS,Y,,
ADBE,AEMD,Y,,
ADC,AENT,Y,,
ADC^A,AENTW,Y,,
ADCT,AEP,Y,,
ADD,AERT,Y,,
ADEA,AERTW,Y,,
ADGM,AEYE,Y,,
ADI,AFBI,Y,,
ADIL,AFCG,Y,,
ADM,AFJK,Y,,
ADMA,AFJKR,Y,,
ADN,AFJKU,Y,,
ADNT,AFMD,Y,,
ADNWW,AFRI,Y,,
ADP,AFRIW,Y,,
ADPT,AFRM,Y,,
ADSE,AFYA,Y,,
ADSEW,AGAE,Y,,
ADSK,AGEN,Y,,
ADT,AGFY,Y,,
ADTN,AGIO,Y,,
ADTX,AGIX,Y,,
ADUR,AGMH,Y,,
ADUS,AGMI,Y,,
ADV,AGNC,Y,,
ADVM,AGNCL,Y,,
ADVWW,AGNCM,Y,,
ADX,AGNCN,Y,,
ADXN,AGNCO,Y,,
AE,AGNCP,Y,,
AEE,AGNG,Y,,
AEF,AGRI,Y,,
AEFC,AGYS,Y,,
AEG,AGZD,Y,,
AEHL,AHCO,Y,,
AEHR,AHG,Y,,
AEI,AIA,Y,,
AEIS,AIEV,Y,,
AEM,AIFF,Y,,
AEMD,AIFU,Y,,
AENT,AIHS,Y,,
AENTW,AIMAU,Y,,
AEO,AIMAW,Y,,
AEON,AIMBU,Y,,
AEP,AIMD,Y,,
AER,AIMDW,Y,,
AERT,AIOT,Y,,
AERTW,AIP,Y,,
AES,AIPI,Y,,
AESI,AIQ,Y,,
AEVA,AIRE,Y,,
AEYE,AIRG,Y,,
AFB,AIRJ,Y,,
AFBI,AIRJW,Y,,
AFCG,AIRL,Y,,
AFG,AIRR,Y,,
AFGB,AIRS,Y,,
AFGC,AIRT,Y,,
AFGD,AIRTP,Y,,
AFGE,AISP,Y,,
AFJK,AISPW,Y,,
AFJKR,AITR,Y,,
AFL,AITRR,Y,,
AFMD,AITRU,Y,,
AFRI,AIXI,Y,,
AFRIW,AKAM,Y,,
AFRM,AKAN,Y,,
AFYA,AKBA,Y,,
AG,AKRO,Y,,
AGAE,AKTX,Y,,
AGCO,AKYA,Y,,
AGD,ALAB,Y,,
AGEN,ALAR,Y,,
AGFY,ALBT,Y,,
AGI,ALCE,Y,,
AGIO,ALCO,Y,,
AGL,ALCY,Y,,
AGM,ALCYU,Y,,
AGM^D,ALCYW,Y,,
AGM^E,ALDF,Y,,
AGM^F,ALDFU,Y,,
AGM^G,ALDFW,Y,,
AGMH,ALDX,Y,,
AGNC,ALEC,Y,,
AGNCL,ALF,Y,,
AGNCM,ALFUU,Y,,
AGNCN,ALFUW,Y,,
AGNCO,ALGM,Y,,
AGNCP,ALGN,Y,,
AGO,ALGS,Y,,
AGRI,ALGT,Y,,
AGRO,ALHC,Y,,
AGS,ALKS,Y,,
AGX,ALKT,Y,,
AGYS,ALLK,Y,,
AHCO,ALLO,Y,,
AHG,ALLR,Y,,
AHH,ALLT,Y,,
AHH^A,ALMS,Y,,
AHL^D,ALNT,Y,,
AHL^E,ALNY,Y,,
AHL^F,ALOT,Y,,
AHR,ALRM,Y,,
AHT,ALRS,Y,,
AHT^D,ALT,Y,,
AHT^F,ALTI,Y,,
AHT^G,ALTO,Y,,
AHT^H,ALTR,Y,,
AHT^I,ALTS,Y,,
AI,ALTY,Y,,
AIEV,ALVO,Y,,
AIFF,ALVOW,Y,,
AIFU,ALVR,Y,,
AIG,ALXO,Y,,
AIHS,ALZN,Y,,
AIM,AMAL,Y,,
AIMAU,AMAT,Y,,
AIMAW,AMBA,Y,,
AIMBU,AMCX,Y,,
AIMD,AMD,Y,,
AIMDW,AMDG,Y,,
AIN,AMDL,Y,,
AIO,AMDS,Y,,
AIOT,AMED,Y,,
AIP,AMGN,Y,,
AIR,AMID,Y,,
AIRE,AMIX,Y,,
AIRG,AMKR,Y,,
AIRI,AMLX,Y,,
AIRJ,AMOD,Y,,
AIRJW,AMODW,Y,,
AIRS,AMPG,Y,,
AIRT,AMPGW,Y,,
AIRTP,AMPH,Y,,
AISP,AMPL,Y,,
AISPW,AMRK,Y,,
AIT,AMRN,Y,,
AITR,AMRX,Y,,
AITRR,AMSC,Y,,
AITRU,AMSF,Y,,
AIV,AMST,Y,,
AIXI,AMTX,Y,,
AIZ,AMWD,Y,,
AIZN,AMZD,Y,,
AJG,AMZN,Y,,
AKA,AMZU,Y,,
AKAM,AMZZ,Y,,
AKAN,ANAB,Y,,
AKBA,ANDE,Y,,
AKO/A,ANEB,Y,,
AKO/B,ANGH,Y,,
AKR,ANGHW,Y,,
AKRO,ANGI,Y,,
AKTX,ANGL,Y,,
AKYA,ANGO,Y,,
AL,ANIK,Y,,
ALAB,ANIP,Y,,
ALAR,ANIX,Y,,
ALB,ANL,Y,,
ALB^A,ANNA,Y,,
ALBT,ANNAW,Y,,
ALC,ANNX,Y,,
ALCE,ANSC,Y,,
ALCO,ANSCU,Y,,
ALCY,ANSCW,Y,,
ALCYU,ANSS,Y,,
ALDF,ANTE,Y,,
ALDFU,ANTX,Y,,
ALDFW,ANY,Y,,
ALDX,AOHY,Y,,
ALE,AOSL,Y,,
ALEC,AOTG,Y,,
ALEX,AOUT,Y,,
ALF,APA,Y,,
ALFUU,APCX,Y,,
ALFUW,APCXW,Y,,
ALG,APDN,Y,,
ALGM,APEI,Y,,
ALGN,APGE,Y,,
ALGS,API,Y,,
ALGT,APLD,Y,,
ALHC,APLM,Y,,
ALIT,APLMW,Y,,
ALK,APLS,Y,,
ALKS,APLT,Y,,
ALKT,APM,Y,,
ALL,APOG,Y,,
ALL^B,APP,Y,,
ALL^H,APPF,Y,,
ALL^I,APPN,Y,,
ALL^J,APPS,Y,,
ALLE,APRE,Y,,
ALLK,APTO,Y,,
ALLO,APVO,Y,,
ALLR,APWC,Y,,
ALLT,APYX,Y,,
ALLY,AQB,Y,,
ALMS,AQMS,Y,,
ALNT,AQST,Y,,
ALNY,AQU,Y,,
ALOT,AQUNR,Y,,
ALRM,AQUNU,Y,,
ALRS,AQWA,Y,,
ALSN,ARAY,Y,,
ALT,ARBB,Y,,
ALTG,ARBE,Y,,
ALTG^A,ARBEW,Y,,
ALTI,ARBK,Y,,
ALTM,ARBKL,Y,,
ALTO,ARCB,Y,,
ALTR,ARCC,Y,,
ALTS,ARCT,Y,,
ALUR,ARDX,Y,,
ALV,AREB,Y,,
ALVO,AREBW,Y,,
ALVOW,AREC,Y,,
ALVR,ARGX,Y,,
ALX,ARHS,Y,,
ALXO,ARKO,Y,,
ALZN,ARKOW,Y,,
AM,ARKR,Y,,
AMAL,ARLP,Y,,
AMAT,ARM,Y,,
AMBA,ARMG,Y,,
AMBC,AROW,Y,,
AMBI,ARQ,Y,,
AMBO,ARQQ,Y,,
AMBP,ARQQW,Y,,
AMC,ARQT,Y,,
AMCR,ARRY,Y,,
AMCX,ARTL,Y,,
AMD,ARTNA,Y,,
AME,ARTV,Y,,
AMED,ARTW,Y,,
AMG,ARVN,Y,,
AMGN,ARVR,Y,,
AMH,ARWR,Y,,
AMH^G,ASET,Y,,
AMH^H,ASLE,Y,,
AMIX,ASMB,Y,,
AMKR,ASMG,Y,,
AMLX,ASML,Y,,
AMN,ASND,Y,,
AMOD,ASNS,Y,,
AMODW,ASO,Y,,
AMP,ASPC,Y,,
AMPG,ASPCR,Y,,
AMPGW,ASPCU,Y,,
AMPH,ASPI,Y,,
AMPL,ASPS,Y,,
AMPS,ASRT,Y,,
AMPX,ASRV,Y,,
AMPY,ASST,Y,,
AMR,ASTC,Y,,
AMRC,ASTE,Y,,
AMRK,ASTH,Y,,
AMRN,ASTI,Y,,
AMRX,ASTL,Y,,
AMS,ASTLW,Y,,
AMSC,ASTS,Y,,
AMSF,ASUR,Y,,
AMST,ASYS,Y,,
AMT,ATAI,Y,,
AMTB,ATAT,Y,,
AMTD,ATCOL,Y,,
AMTM,ATEC,Y,,
AMTX,ATER,Y,,
AMWD,ATEX,Y,,
AMWL,ATGL,Y,,
AMX,ATHA,Y,,
AMZN,ATHE,Y,,
AN,ATLC,Y,,
ANAB,ATLCL,Y,,
ANDE,ATLCP,Y,,
ANEB,ATLCZ,Y,,
ANET,ATLN,Y,,
ANF,ATLO,Y,,
ANG^A,ATLX,Y,,
ANG^B,ATMC,Y,,
ANG^D,ATMCR,Y,,
ANGH,ATMCU,Y,,
ANGHW,ATMCW,Y,,
ANGI,ATMV,Y,,
ANGO,ATMVR,Y,,
ANIK,ATMVU,Y,,
ANIP,ATNF,Y,,
ANIX,ATNFW,Y,,
ANL,ATNI,Y,,
ANNA,ATOM,Y,,
ANNAW,ATOS,Y,,
ANNX,ATPC,Y,,
ANRO,ATRA,Y,,
ANSC,ATRC,Y,,
ANSCU,ATRO,Y,,
ANSCW,ATSG,Y,,
ANSS,ATXG,Y,,
ANTE,ATXI,Y,,
ANTX,ATXS,Y,,
ANVS,ATYR,Y,,
ANY,AUBN,Y,,
AOD,AUDC,Y,,
AOMN,AUID,Y,,
AOMR,AUMI,Y,,
AON,AUPH,Y,,
AORT,AUR,Y,,
AOS,AURA,Y,,
AOSL,AUROW,Y,,
AOUT,AUTL,Y,,
AP,AUUD,Y,,
APA,AUUDW,Y,,
APAM,AVAH,Y,,
APCX,AVAV,Y,,
APCXW,AVBP,Y,,
APD,AVDL,Y,,
APDN,AVDX,Y,,
APEI,AVGO,Y,,
APG,AVGR,Y,,
APGE,AVGX,Y,,
APH,AVIR,Y,,
API,AVL,Y,,
APLD,AVNW,Y,,
APLE,AVO,Y,,
APLM,AVPT,Y,,
APLMW,AVPTW,Y,,
APLS,AVR,Y,,
APLT,AVS,Y,,
APM,AVT,Y,,
APO,AVTE,Y,,
APO^A,AVTX,Y,,
APOG,AVXC,Y,,
APOS,AVXL,Y,,
APP,AWH,Y,,
APPF,AWRE,Y,,
APPN,AXDX,Y,,
APPS,AXGN,Y,,
APRE,AXON,Y,,
APT,AXSM,Y,,
APTO,AXTI,Y,,
APTV,AYRO,Y,,
APVO,AYTU,Y,,
APWC,AZ,Y,,
APYX,AZI,Y,,
AQB,AZN,Y,,
AQMS,AZPN,Y,,
AQN,AZTA,Y,,
AQNB,BABX,Y,,
AQST,BACK,Y,,
AQU,BACQ,Y,,
AQUNR,BACQR,Y,,
AQUNU,BACQU,Y,,
AR,BAER,Y,,
ARAY,BAERW,Y,,
ARBB,BAFE,Y,,
ARBE,BAFN,Y,,
ARBEW,BAND,Y,,
ARBK,BANF,Y,,
ARBKL,BANFP,Y,,
ARCB,BANL,Y,,
ARCC,BANR,Y,,
ARCO,BANX,Y,,
ARCT,BAOS,Y,,
ARDC,BASE,Y,,
ARDT,BATRA,Y,,
ARDX,BATRK,Y,,
ARE,BAYA,Y,,
AREB,BAYAR,Y,,
AREBW,BAYAU,Y,,
AREC,BBCP,Y,,
AREN,BBGI,Y,,
ARES,BBH,Y,,
ARES^B,BBIO,Y,,
ARGD,BBLG,Y,,
ARGO^A,BBLGW,Y,,
ARGX,BBSI,Y,,
ARHS,BCAB,Y,,
ARI,BCAL,Y,,
ARIS,BCAN,Y,,
ARKO,BCAX,Y,,
ARKOW,BCBP,Y,,
ARKR,BCDA,Y,,
ARL,BCG,Y,,
ARLO,BCGWW,Y,,
ARLP,BCLI,Y,,
ARM,BCML,Y,,
ARMK,BCOV,Y,,
ARMN,BCOW,Y,,
ARMP,BCPC,Y,,
AROC,BCRX,Y,,
AROW,BCTX,Y,,
ARQ,BCTXW,Y,,
ARQQ,BCYC,Y,,
ARQQW,BDGS,Y,,
ARQT,BDMD,Y,,
ARR,BDMDW,Y,,
ARR^C,BDRX,Y,,
ARRY,BDSX,Y,,
ARTL,BDTX,Y,,
ARTNA,BEAG,Y,,
ARTV,BEAGR,Y,,
ARTW,BEAGU,Y,,
ARVN,BEAM,Y,,
ARW,BEAT,Y,,
ARWR,BEATW,Y,,
AS,BECN,Y,,
ASA,BEEM,Y,,
ASAN,BEEX,Y,,
ASB,BEEZ,Y,,
ASB^E,BELFA,Y,,
ASB^F,BELFB,Y,,
ASBA,BELT,Y,,
ASC,BENF,Y,,
ASG,BENFW,Y,,
ASGI,BETR,Y,,
ASGN,BETRW,Y,,
ASH,BFC,Y,,
ASIX,BFIN,Y,,
ASLE,BFRG,Y,,
ASM,BFRGW,Y,,
ASMB,BFRI,Y,,
ASML,BFRIW,Y,,
ASND,BFST,Y,,
ASNS,BGC,Y,,
ASO,BGFV,Y,,
ASPC,BGLC,Y,,
ASPCU,BGM,Y,,
ASPI,BGRN,Y,,
ASPN,BGRO,Y,,
ASPS,BHAT,Y,,
ASR,BHF,Y,,
ASRT,BHFAL,Y,,
ASRV,BHFAM,Y,,
ASST,BHFAN,Y,,
ASTC,BHFAO,Y,,
ASTE,BHFAP,Y,,
ASTH,BHIL,Y,,
ASTI,BHRB,Y,,
ASTL,BHST,Y,,
ASTLW,BIAF,Y,,
ASTS,BIAFW,Y,,
ASUR,BIB,Y,,
ASX,BIDU,Y,,
ASYS,BIGC,Y,,
ATAI,BIIB,Y,,
ATAT,BILI,Y,,
ATCH,BIOA,Y,,
ATCO^D,BIOX,Y,,
ATCO^H,BIRD,Y,,
ATCOL,BIS,Y,,
ATEC,BITF,Y,,
ATEN,BITS,Y,,
ATER,BIVI,Y,,
ATEX,BJDX,Y,,
ATGE,BJK,Y,,
ATGL,BJRI,Y,,
ATH^A,BKCH,Y,,
ATH^B,BKHA,Y,,
ATH^C,BKHAR,Y,,
ATH^D,BKHAU,Y,,
ATH^E,BKIV,Y,,
ATHA,BKNG,Y,,
ATHE,BKR,Y,,
ATHM,BKWO,Y,,
ATHS,BKYI,Y,,
ATI,BL,Y,,
ATKR,BLAC,Y,,
ATLC,BLACR,Y,,
ATLCL,BLACU,Y,,
ATLCP,BLACW,Y,,
ATLCZ,BLBD,Y,,
ATLN,BLBX,Y,,
ATLO,BLCN,Y,,
ATLX,BLCR,Y,,
ATMC,BLDE,Y,,
ATMCR,BLDEW,Y,,
ATMCW,BLDP,Y,,
ATMU,BLFS,Y,,
ATMV,BLFY,Y,,
ATMVR,BLIN,Y,,
ATMVU,BLKB,Y,,
ATNF,BLLD,Y,,
ATNFW,BLMN,Y,,
ATNI,BLMZ,Y,,
ATNM,BLNK,Y,,
ATO,BLRX,Y,,
ATOM,BLTE,Y,,
ATOS,BLUE,Y,,
ATPC,BLZE,Y,,
ATR,BMBL,Y,,
ATRA,BMDL,Y,,
ATRC,BMEA,Y,,
ATRO,BMR,Y,,
ATS,BMRA,Y,,
ATSG,BMRC,Y,,
ATUS,BMRN,Y,,
ATXG,BNAI,Y,,
ATXI,BNAIW,Y,,
ATXS,BND,Y,,
ATYR,BNDW,Y,,
AU,BNDX,Y,,
AUB,BNGO,Y,,
AUB^A,BNIX,Y,,
AUBN,BNIXR,Y,,
AUDC,BNIXW,Y,,
AUID,BNR,Y,,
AUNA,BNRG,Y,,
AUPH,BNTC,Y,,
AUR,BNTX,Y,,
AURA,BNZI,Y,,
AUROW,BNZIW,Y,,
AUST,BOF,Y,,
AUTL,BOKF,Y,,
AUUD,BOLD,Y,,
AUUDW,BOLT,Y,,
AVA,BON,Y,,
AVAH,BOOM,Y,,
AVAL,BOSC,Y,,
AVAV,BOTJ,Y,,
AVB,BOTT,Y,,
AVBP,BOTZ,Y,,
AVD,BOWN,Y,,
AVDL,BOWNR,Y,,
AVDX,BOWNU,Y,,
AVGO,BOXL,Y,,
AVGR,BPMC,Y,,
AVIR,BPOP,Y,,
AVK,BPOPM,Y,,
AVNS,BPRN,Y,,
AVNT,BPTH,Y,,
AVNW,BPYPM,Y,,
AVO,BPYPN,Y,,
AVPT,BPYPO,Y,,
AVPTW,BPYPP,Y,,
AVR,BRAG,Y,,
AVT,BREA,Y,,
AVTE,BRFH,Y,,
AVTR,BRHY,Y,,
AVTX,BRID,Y,,
AVXL,BRKD,Y,,
AVY,BRKL,Y,,
AWF,BRKR,Y,,
AWH,BRKU,Y,,
AWI,BRLS,Y,,
AWK,BRLSW,Y,,
AWP,BRLT,Y,,
AWR,BRNS,Y,,
AWRE,BRNY,Y,,
AWX,BROG,Y,,
AX,BRRR,Y,,
AXDX,BRTR,Y,,
AXGN,BRTX,Y,,
AXIL,BRY,Y,,
AXL,BRZE,Y,,
AXON,BSBK,Y,,
AXP,BSCP,Y,,
AXR,BSCQ,Y,,
AXS,BSCR,Y,,
AXS^E,BSCS,Y,,
AXSM,BSCT,Y,,
AXTA,BSCU,Y,,
AXTI,BSCV,Y,,
AYI,BSCW,Y,,
AYRO,BSCX,Y,,
AYTU,BSCY,Y,,
AZ,BSET,Y,,
AZEK,BSGM,Y,,
AZI,BSII,Y,,
AZN,BSIIU,Y,,
AZO,BSIIW,Y,,
AZPN,BSJP,Y,,
AZTA,BSJQ,Y,,
AZTR,BSJR,Y,,
AZUL,BSJS,Y,,
AZZ,BSJT,Y,,
B,BSJU,Y,,
BA,BSJV,Y,,
BA^A,BSJW,Y,,
BABA,BSLK,Y,,
BAC,BSLKW,Y,,
BAC^B,BSMP,Y,,
BAC^E,BSMQ,Y,,
BAC^K,BSMR,Y,,
BAC^L,BSMS,Y,,
BAC^M,BSMT,Y,,
BAC^N,BSMU,Y,,
BAC^O,BSMV,Y,,
BAC^P,BSMW,Y,,
BAC^Q,BSMY,Y,,
BAC^S,BSRR,Y,,
BACK,BSSX,Y,,
BACQ,BSVN,Y,,
BACQR,BSVO,Y,,
BACQU,BSY,Y,,
BAER,BTAI,Y,,
BAERW,BTBD,Y,,
BAFN,BTBDW,Y,,
BAH,BTBT,Y,,
BAK,BTCS,Y,,
BALL,BTCT,Y,,
BALY,BTCTW,Y,,
BAM,BTDR,Y,,
BANC,BTF,Y,,
BANC^F,BTFX,Y,,
BAND,BTGD,Y,,
BANF,BTM,Y,,
BANFP,BTMD,Y,,
BANL,BTMWW,Y,,
BANR,BTOC,Y,,
BANX,BTOG,Y,,
BAOS,BTSG,Y,,
BAP,BTSGU,Y,,
BARK,BUFC,Y,,
BASE,BUFI,Y,,
BATL,BUFM,Y,,
BATRA,BUG,Y,,
BATRK,BUJA,Y,,
BAX,BUJAR,Y,,
BAYA,BUJAU,Y,,
BAYAR,BUJAW,Y,,
BAYAU,BULD,Y,,
BB,BUSE,Y,,
BBAI,BVFL,Y,,
BBAR,BVS,Y,,
BBCP,BWAY,Y,,
BBD,BWB,Y,,
BBDC,BWBBP,Y,,
BBDO,BWEN,Y,,
BBGI,BWFG,Y,,
BBIO,BWIN,Y,,
BBLG,BWMN,Y,,
BBLGW,BYFC,Y,,
BBN,BYND,Y,,
BBSI,BYNO,Y,,
BBU,BYNOU,Y,,
BBUC,BYNOW,Y,,
BBVA,BYRN,Y,,
BBW,BYSI,Y,,
BBWI,BZ,Y,,
BBY,BZAI,Y,,
BC,BZAIW,Y,,
BC^A,BZFD,Y,,
BC^C,BZFDW,Y,,
BCAB,BZUN,Y,,
BCAL,CA,Y,,
BCAN,CAAS,Y,,
BCAT,CABA,Y,,
BCAX,CAC,Y,,
BCBP,CACC,Y,,
BCC,CADL,Y,,
BCDA,CAFG,Y,,
BCE,CAKE,Y,,
BCG,CALC,Y,,
BCGWW,CALI,Y,,
BCH,CALM,Y,,
BCLI,CAMP,Y,,
BCML,CAMT,Y,,
BCO,CAN,Y,,
BCOV,CANC,Y,,
BCOW,CANQ,Y,,
BCPC,CAPN,Y,,
BCRX,CAPNR,Y,,
BCS,CAPNU,Y,,
BCSF,CAPR,Y,,
BCTX,CAPT,Y,,
BCTXW,CAPTW,Y,,
BCV,CAR,Y,,
BCV^A,CARA,Y,,
BCX,CARE,Y,,
BCYC,CARG,Y,,
BDC,CARM,Y,,
BDJ,CART,Y,,
BDL,CARV,Y,,
BDMD,CARY,Y,,
BDMDW,CARZ,Y,,
BDN,CASH,Y,,
BDRX,CASI,Y,,
BDSX,CASK,Y,,
BDTX,CASS,Y,,
BDX,CASY,Y,,
BE,CATH,Y,,
BEAG,CATY,Y,,
BEAGR,CBAT,Y,,
BEAGU,CBFV,Y,,
BEAM,CBLL,Y,,
BEAT,CBNK,Y,,
BEATW,CBRL,Y,,
BECN,CBSH,Y,,
BEDU,CBUS,Y,,
BEEM,CCAP,Y,,
BEEP,CCB,Y,,
BEKE,CCBG,Y,,
BELFA,CCCC,Y,,
BELFB,CCCS,Y,,
BEN,CCD,Y,,
BENF,CCEC,Y,,
BENFW,CCEP,Y,,
BEP,CCG,Y,,
BEP^A,CCGWW,Y,,
BEPC,CCIR,Y,,
BEPH,CCIRU,Y,,
BEPI,CCIRW,Y,,
BEPJ,CCIX,Y,,
BERY,CCIXU,Y,,
BEST,CCIXW,Y,,
BETR,CCLD,Y,,
BF/A,CCLDO,Y,,
BF/B,CCLDP,Y,,
BFAM,CCNE,Y,,
BFC,CCNEP,Y,,
BFH,CCNR,Y,,
BFIN,CCOI,Y,,
BFK,CCRN,Y,,
BFLY,CCSB,Y,,
BFRG,CCSI,Y,,
BFRGW,CCSO,Y,,
BFRI,CCTG,Y,,
BFRIW,CDC,Y,,
BFS,CDIO,Y,,
BFS^D,CDIOW,Y,,
BFS^E,CDL,Y,,
BFST,CDLX,Y,,
BFZ,CDMO,Y,,
BG,CDNA,Y,,
BGB,CDNS,Y,,
BGC,CDRO,Y,,
BGFV,CDROW,Y,,
BGH,CDT,Y,,
BGI,CDTG,Y,,
BGLC,CDTTW,Y,,
BGM,CDTX,Y,,
BGR,CDW,Y,,
BGS,CDXC,Y,,
BGSF,CDXS,Y,,
BGT,CDZI,Y,,
BGX,CDZIP,Y,,
BGY,CEAD,Y,,
BH,CEADW,Y,,
BHAT,CECO,Y,,
BHB,CEFA,Y,,
BHC,CEG,Y,,
BHE,CELC,Y,,
BHF,CELH,Y,,
BHFAL,CELU,Y,,
BHFAM,CELUW,Y,,
BHFAN,CELZ,Y,,
BHFAO,CENN,Y,,
BHFAP,CENT,Y,,
BHIL,CENTA,Y,,
BHK,CENX,Y,,
BHLB,CEP,Y,,
BHM,CEPI,Y,,
BHP,CEPO,Y,,
BHR,CERO,Y,,
BHR^B,CEROW,Y,,
BHR^D,CERS,Y,,
BHRB,CERT,Y,,
BHST,CETX,Y,,
BHV,CETY,Y,,
BHVN,CEVA,Y,,
BIAF,CFA,Y,,
BIAFW,CFB,Y,,
BIDU,CFBK,Y,,
BIGC,CFFI,Y,,
BIGZ,CFFN,Y,,
BIIB,CFLT,Y,,
BILI,CFO,Y,,
BILL,CFSB,Y,,
BIO,CG,Y,,
BIO/B,CGABL,Y,,
BIOA,CGBD,Y,,
BIOX,CGBDL,Y,,
BIP,CGBS,Y,,
BIP^A,CGBSW,Y,,
BIP^B,CGC,Y,,
BIPC,CGEM,Y,,
BIPH,CGEN,Y,,
BIPI,CGNT,Y,,
BIPJ,CGNX,Y,,
BIRD,CGO,Y,,
BIRK,CGON,Y,,
BIT,CGTL,Y,,
BITF,CGTX,Y,,
BIVI,CHAR,Y,,
BJ,CHARR,Y,,
BJDX,CHARU,Y,,
BJRI,CHCI,Y,,
BK,CHCO,Y,,
BKD,CHDN,Y,,
BKDT,CHEF,Y,,
BKE,CHEK,Y,,
BKH,CHI,Y,,
BKHA,CHKP,Y,,
BKHAR,CHMG,Y,,
BKHAU,CHNR,Y,,
BKKT,CHPS,Y,,
BKN,CHR,Y,,
BKNG,CHRD,Y,,
BKR,CHRS,Y,,
BKSY,CHRW,Y,,
BKT,CHSCL,Y,,
BKTI,CHSCM,Y,,
BKU,CHSCN,Y,,
BKV,CHSCO,Y,,
BKYI,CHSCP,Y,,
BL,CHSN,Y,,
BLAC,CHTR,Y,,
BLACR,CHW,Y,,
BLACU,CHX,Y,,
BLACW,CHY,Y,,
BLBD,CIBR,Y,,
BLBX,CIFR,Y,,
BLCO,CIFRW,Y,,
BLD,CIGI,Y,,
BLDE,CIL,Y,,
BLDEW,CINF,Y,,
BLDP,CING,Y,,
BLDR,CINGW,Y,,
BLE,CISO,Y,,
BLFS,CISS,Y,,
BLFY,CIVB,Y,,
BLIN,CJET,Y,,
BLK,CJJD,Y,,
BLKB,CKPT,Y,,
BLMN,CLAR,Y,,
BLMZ,CLBK,Y,,
BLND,CLBT,Y,,
BLNK,CLDX,Y,,
BLRX,CLEU,Y,,
BLTE,CLFD,Y,,
BLUE,CLGN,Y,,
BLW,CLIK,Y,,
BLX,CLIR,Y,,
BLZE,CLLS,Y,,
BMA,CLMB,Y,,
BMBL,CLMT,Y,,
BME,CLNE,Y,,
BMEA,CLNN,Y,,
BMEZ,CLNNW,Y,,
BMI,CLOA,Y,,
BML^G,CLOD,Y,,
BML^H,CLOU,Y,,
BML^J,CLOV,Y,,
BML^L,CLPS,Y,,
BMN,CLPT,Y,,
BMO,CLRB,Y,,
BMR,CLRC,Y,,
BMRA,CLRCR,Y,,
BMRC,CLRCU,Y,,
BMRN,CLRCW,Y,,
BMTX,CLRO,Y,,
BMY,CLSD,Y,,
BN,CLSK,Y,,
BNAI,CLSKW,Y,,
BNAIW,CLSM,Y,,
BNED,CLST,Y,,
BNGO,CLWT,Y,,
BNH,CLYM,Y,,
BNIX,CMBM,Y,,
BNIXR,CMCO,Y,,
BNIXW,CMCSA,Y,,
BNJ,CMCT,Y,,
BNL,CME,Y,,
BNR,CMLS,Y,,
BNRG,CMMB,Y,,
BNS,CMND,Y,,
BNT,CMPO,Y,,
BNTC,CMPOW,Y,,
BNTX,CMPR,Y,,
BNY,CMPS,Y,,
BNZI,CMPX,Y,,
BNZIW,CMRX,Y,,
BOC,CMTL,Y,,
BODI,CNCK,Y,,
BOE,CNCKW,Y,,
BOF,CNCR,Y,,
BOH,CNDT,Y,,
BOH^A,CNET,Y,,
BOH^B,CNEY,Y,,
BOKF,CNFR,Y,,
BOLD,CNFRZ,Y,,
BOLT,CNOB,Y,,
BON,CNOBP,Y,,
BOOM,CNSP,Y,,
BOOT,CNTA,Y,,
BORR,CNTB,Y,,
BOSC,CNTM,Y,,
BOTJ,CNTX,Y,,
BOW,CNTY,Y,,
BOWN,CNVS,Y,,
BOWNR,CNXC,Y,,
BOWNU,CNXN,Y,,
BOX,COCH,Y,,
BOXL,COCHW,Y,,
BP,COCO,Y,,
BPMC,COCP,Y,,
BPOP,CODA,Y,,
BPOPM,CODX,Y,,
BPRN,COEP,Y,,
BPT,COEPW,Y,,
BPTH,COFS,Y,,
BPYPM,COGT,Y,,
BPYPN,COHU,Y,,
BPYPO,COIN,Y,,
BPYPP,COKE,Y,,
BQ,COLAU,Y,,
BR,COLB,Y,,
BRAG,COLL,Y,,
BRBR,COLM,Y,,
BRBS,COMM,Y,,
BRC,COMT,Y,,
BRCC,CONI,Y,,
BRDG,CONL,Y,,
BREA,COO,Y,,
BRFH,COOP,Y,,
BRFS,COOT,Y,,
BRIA,COOTW,Y,,
BRID,COPJ,Y,,
BRK/A,COPP,Y,,
BRK/B,CORO,Y,,
BRKL,CORT,Y,,
BRKR,CORZ,Y,,
BRLS,CORZW,Y,,
BRLSW,CORZZ,Y,,
BRLT,COSM,Y,,
BRN,COST,Y,,
BRNS,COWG,Y,,
BRO,COWS,Y,,
BROG,COYA,Y,,
BROS,CPB,Y,,
BRSP,CPBI,Y,,
BRT,CPHC,Y,,
BRTX,CPIX,Y,,
BRW,CPLS,Y,,
BRX,CPOP,Y,,
BRY,CPRT,Y,,
BRZE,CPRX,Y,,
BSAC,CPSH,Y,,
BSBK,CPSS,Y,,
BSBR,CPZ,Y,,
BSET,CRAI,Y,,
BSGM,CRBP,Y,,
BSII,CRBU,Y,,
BSIIU,CRCT,Y,,
BSIIW,CRDF,Y,,
BSL,CRDL,Y,,
BSLK,CRDO,Y,,
BSLKW,CREG,Y,,
BSM,CRESW,Y,,
BSRR,CRESY,Y,,
BST,CREV,Y,,
BSTZ,CREVW,Y,,
BSVN,CREX,Y,,
BSX,CRGO,Y,,
BSY,CRGOW,Y,,
BTA,CRGX,Y,,
BTAI,CRIS,Y,,
BTBD,CRKN,Y,,
BTBDW,CRMD,Y,,
BTBT,CRML,Y,,
BTCM,CRMLW,Y,,
BTCS,CRMT,Y,,
BTCT,CRNC,Y,,
BTCTW,CRNT,Y,,
BTDR,CRNX,Y,,
BTE,CRON,Y,,
BTG,CROX,Y,,
BTI,CRSP,Y,,
BTM,CRSR,Y,,
BTMD,CRTO,Y,,
BTMWW,CRUS,Y,,
BTO,CRVL,Y,,
BTOC,CRVO,Y,,
BTOG,CRVS,Y,,
BTSG,CRWD,Y,,
BTSGU,CRWL,Y,,
BTT,CRWS,Y,,
BTTR,CSA,Y,,
BTU,CSB,Y,,
BTZ,CSBR,Y,,
BUD,CSCI,Y,,
BUI,CSCO,Y,,
BUJA,CSF,Y,,
BUJAR,CSGP,Y,,
BUJAU,CSGS,Y,,
BUJAW,CSIQ,Y,,
BUR,CSLR,Y,,
BURL,CSLRW,Y,,
BURU,CSPI,Y,,
BUSE,CSQ,Y,,
BV,CSTE,Y,,
BVFL,CSTL,Y,,
BVN,CSWC,Y,,
BVS,CSWCZ,Y,,
BW,CSWI,Y,,
BW^A,CSX,Y,,
BWA,CTAS,Y,,
BWAY,CTBI,Y,,
BWB,CTCX,Y,,
BWBBP,CTCXW,Y,,
BWEN,CTEC,Y,,
BWFG,CTHR,Y,,
BWG,CTKB,Y,,
BWIN,CTLP,Y,,
BWLP,CTMX,Y,,
BWMN,CTNM,Y,,
BWMX,CTNT,Y,,
BWNB,CTOR,Y,,
BWSN,CTRM,Y,,
BWXT,CTRN,Y,,
BX,CTSH,Y,,
BXC,CTSO,Y,,
BXMT,CTXR,Y,,
BXMX,CUB,Y,,
BXP,CUBA,Y,,
BXSL,CUBWU,Y,,
BY,CUBWW,Y,,
BYD,CUE,Y,,
BYFC,CURI,Y,,
BYM,CURIW,Y,,
BYND,CURR,Y,,
BYNO,CUTR,Y,,
BYNOU,CVAC,Y,,
BYNOW,CVBF,Y,,
BYON,CVCO,Y,,
BYRN,CVGI,Y,,
BYSI,CVGW,Y,,
BZ,CVKD,Y,,
BZAI,CVLT,Y,,
BZAIW,CVRX,Y,,
BZFD,CVV,Y,,
BZFDW,CWBC,Y,,
BZH,CWCO,Y,,
BZUN,CWD,Y,,
C,CWST,Y,,
C^N,CXAI,Y,,
CAAP,CXAIW,Y,,
CAAS,CXDO,Y,,
CABA,CXSE,Y,,
CABO,CYBR,Y,,
CAC,CYCC,Y,,
CACC,CYCCP,Y,,
CACI,CYCN,Y,,
CADE,CYN,Y,,
CADE^A,CYRX,Y,,
CADL,CYTH,Y,,
CAE,CYTHW,Y,,
CAF,CYTK,Y,,
CAG,CZAR,Y,,
CAH,CZFS,Y,,
CAKE,CZNC,Y,,
CAL,CZR,Y,,
CALC,CZWI,Y,,
CALM,DADA,Y,,
CALX,DAIO,Y,,
CAMP,DAKT,Y,,
CAMT,DALI,Y,,
CAN,DALN,Y,,
CANF,DAPP,Y,,
CANG,DARE,Y,,
CAPL,DASH,Y,,
CAPN,DATS,Y,,
CAPNU,DATSW,Y,,
CAPR,DAVE,Y,,
CAPT,DAVEW,Y,,
CAPTW,DAWN,Y,,
CAR,DAX,Y,,
CARA,DBVT,Y,,
CARE,DBX,Y,,
CARG,DCAP,Y,,
CARM,DCBO,Y,,
CARR,DCGO,Y,,
CARS,DCOM,Y,,
CART,DCOMG,Y,,
CARV,DCOMP,Y,,
CASH,DCTH,Y,,
CASI,DDI,Y,,
CASK,DDIV,Y,,
CASS,DDOG,Y,,
CASY,DECA,Y,,
CAT,DECAU,Y,,
CATO,DECAW,Y,,
CATX,DECO,Y,,
CATY,DEMZ,Y,,
CAVA,DENN,Y,,
CB,DERM,Y,,
CBAN,DEVS,Y,,
CBAT,DFGP,Y,,
CBFV,DFGX,Y,,
CBL,DFLI,Y,,
CBLL,DFLIW,Y,,
CBNA,DGCB,Y,,
CBNK,DGHI,Y,,
CBOE,DGICA,Y,,
CBRE,DGICB,Y,,
CBRL,DGII,Y,,
CBSH,DGLY,Y,,
CBT,DGNX,Y,,
CBU,DGRE,Y,,
CBUS,DGRS,Y,,
CBZ,DGRW,Y,,
CC,DH,Y,,
CCAP,DHAI,Y,,
CCB,DHAIW,Y,,
CCBG,DHC,Y,,
CCCC,DHCNI,Y,,
CCCS,DHCNL,Y,,
CCD,DHIL,Y,,
CCEC,DIBS,Y,,
CCEL,DIOD,Y,,
CCEP,DIST,Y,,
CCG,DISTR,Y,,
CCGWW,DISTW,Y,,
CCI,DIVD,Y,,
CCIA,DJCO,Y,,
CCIF,DJT,Y,,
CCIR,DJTWW,Y,,
CCIRU,DKNG,Y,,
CCIRW,DLHC,Y,,
CCIX,DLO,Y,,
CCIXW,DLPN,Y,,
CCJ,DLTH,Y,,
CCK,DLTR,Y,,
CCL,DMAC,Y,,
CCLD,DMAT,Y,,
CCLDO,DMLP,Y,,
CCLDP,DMN,Y,,
CCM,DMRC,Y,,
CCNE,DMXF,Y,,
CCNEP,DNLI,Y,,
CCO,DNTH,Y,,
CCOI,DNUT,Y,,
CCRD,DOCU,Y,,
CCRN,DOGZ,Y,,
CCS,DOMH,Y,,
CCSI,DOMO,Y,,
CCTG,DOOO,Y,,
CCU,DORM,Y,,
CCZ,DOX,Y,,
CDE,DOYU,Y,,
CDIO,DPRO,Y,,
CDIOW,DPZ,Y,,
CDLR,DRCT,Y,,
CDLX,DRDBU,Y,,
CDMO,DRIO,Y,,
CDNA,DRIV,Y,,
CDNS,DRMA,Y,,
CDP,DRMAW,Y,,
CDR^B,DRRX,Y,,
CDR^C,DRS,Y,,
CDRE,DRTS,Y,,
CDRO,DRTSW,Y,,
CDROW,DRUG,Y,,
CDT,DRVN,Y,,
CDTG,DSGN,Y,,
CDTTW,DSGR,Y,,
CDTX,DSGX,Y,,
CDW,DSP,Y,,
CDXC,DSWL,Y,,
CDXS,DSY,Y,,
CDZI,DSYWW,Y,,
CDZIP,DTCK,Y,,
CE,DTCR,Y,,
CEAD,DTI,Y,,
CEADW,DTIL,Y,,
CECO,DTSQ,Y,,
CEE,DTSQR,Y,,
CEG,DTSQU,Y,,
CELC,DTSS,Y,,
CELH,DTST,Y,,
CELU,DTSTW,Y,,
CELUW,DUKH,Y,,
CELZ,DUKX,Y,,
CENN,DUO,Y,,
CENT,DUOL,Y,,
CENTA,DUOT,Y,,
CENX,DVAL,Y,,
CEP,DVAX,Y,,
CEPO,DVLU,Y,,
CEPU,DVOL,Y,,
CERO,DVQQ,Y,,
CEROW,DVSP,Y,,
CERS,DVY,Y,,
CERT,DWAS,Y,,
CET,DWAW,Y,,
CETX,DWSH,Y,,
CETY,DWSN,Y,,
CEV,DWTX,Y,,
CEVA,DWUS,Y,,
CF,DXCM,Y,,
CFB,DXJS,Y,,
CFBK,DXLG,Y,,
CFFI,DXPE,Y,,
CFFN,DXR,Y,,
CFG,DXST,Y,,
CFG^E,DYAI,Y,,
CFG^H,DYCQ,Y,,
CFLT,DYCQR,Y,,
CFR,DYCQU,Y,,
CFR^B,DYFI,Y,,
CFSB,DYN,Y,,
CG,DYNI,Y,,
CGABL,DYNX,Y,,
CGAU,DYNXU,Y,,
CGBD,DYNXW,Y,,
CGBDL,DYTA,Y,,
CGBS,EA,Y,,
CGBSW,EAST,Y,,
CGC,EBAY,Y,,
CGEM,EBC,Y,,
CGEN,EBIZ,Y,,
CGNT,EBMT,Y,,
CGNX,EBON,Y,,
CGO,EBTC,Y,,
CGON,ECBK,Y,,
CGTL,ECDA,Y,,
CGTX,ECDAW,Y,,
CHAR,ECOR,Y,,
CHCI,ECOW,Y,,
CHCO,ECPG,Y,,
CHCT,ECX,Y,,
CHD,ECXWW,Y,,
CHDN,EDAP,Y,,
CHE,EDBL,Y,,
CHEB,EDBLW,Y,,
CHEF,EDIT,Y,,
CHEK,EDOC,Y,,
CHGG,EDRY,Y,,
CHH,EDSA,Y,,
CHI,EDTK,Y,,
CHKP,EDUC,Y,,
CHMG,EEFT,Y,,
CHMI,EEIQ,Y,,
CHMI^A,EEMA,Y,,
CHMI^B,EFAS,Y,,
CHN,EFOI,Y,,
CHNR,EFRA,Y,,
CHPT,EFSC,Y,,
CHR,EFSCP,Y,,
CHRD,EGAN,Y,,
CHRO,EGBN,Y,,
CHRS,EGGQ,Y,,
CHRW,EGHT,Y,,
CHSCL,EH,Y,,
CHSCM,EHGO,Y,,
CHSCN,EHLS,Y,,
CHSCO,EHTH,Y,,
CHSCP,EJH,Y,,
CHSN,EKG,Y,,
CHT,EKSO,Y,,
CHTR,ELAB,Y,,
CHW,ELBM,Y,,
CHWY,ELDN,Y,,
CHX,ELEV,Y,,
CHY,ELPW,Y,,
CI,ELSE,Y,,
CIA,ELTK,Y,,
CIB,ELTX,Y,,
CICB,ELUT,Y,,
CIEN,ELVA,Y,,
CIF,ELVN,Y,,
CIFR,ELWS,Y,,
CIFRW,EM,Y,,
CIG,EMB,Y,,
CIGI,EMBC,Y,,
CII,EMCB,Y,,
CIK,EMCG,Y,,
CIM,EMCGR,Y,,
CIM^A,EMCGU,Y,,
CIM^B,EMCGW,Y,,
CIM^C,EMEQ,Y,,
CIM^D,EMIF,Y,,
CIMN,EMKR,Y,,
CIMO,EML,Y,,
CINF,EMXC,Y,,
CING,EMXF,Y,,
CINGW,ENGN,Y,,
CINT,ENGNW,Y,,
CIO,ENLT,Y,,
CIO^A,ENLV,Y,,
CION,ENPH,Y,,
CISO,ENSC,Y,,
CISS,ENSG,Y,,
CIVB,ENTA,Y,,
CIVI,ENTG,Y,,
CIX,ENTO,Y,,
CJET,ENTX,Y,,
CJJD,ENVB,Y,,
CKPT,ENVX,Y,,
CKX,ENZL,Y,,
CL,EOLS,Y,,
CLAR,EOSE,Y,,
CLB,EOSEW,Y,,
CLBK,EPIX,Y,,
CLBR,EPOW,Y,,
CLBT,EPRX,Y,,
CLCO,EPSN,N,,
CLDI,EQ,Y,,
CLDT,EQIX,Y,,
CLDT^A,EQRR,Y,,
CLDX,ERAS,Y,,
CLEU,ERET,Y,,
CLF,ERIC,Y,,
CLFD,ERIE,Y,,
CLGN,ERII,Y,,
CLH,ERNA,Y,,
CLIK,ERNZ,Y,,
CLIR,ESCA,Y,,
CLLS,ESEA,Y,,
CLM,ESGD,Y,,
CLMB,ESGE,Y,,
CLMT,ESGL,Y,,
CLNE,ESGLW,Y,,
CLNN,ESGR,Y,,
CLNNW,ESGRO,Y,,
CLOV,ESGRP,Y,,
CLPR,ESGU,Y,,
CLPS,ESHA,Y,,
CLPT,ESHAR,Y,,
CLRB,ESLA,Y,,
CLRC,ESLAW,Y,,
CLRCR,ESLT,Y,,
CLRCU,ESMV,Y,,
CLRCW,ESN,Y,,
CLRO,ESOA,Y,,
CLS,ESPO,Y,,
CLSD,ESPR,Y,,
CLSK,ESQ,Y,,
CLSKW,ESSA,Y,,
CLST,ESTA,Y,,
CLVT,ETEC,Y,,
CLW,ETHA,Y,,
CLWT,ETNB,Y,,
CLX,ETON,Y,,
CLYM,ETSY,Y,,
CM,EU,Y,,
CMA,EUDA,Y,,
CMBM,EUDAW,Y,,
CMBT,EUFN,Y,,
CMC,EURK,Y,,
CMCL,EURKR,Y,,
CMCM,EURKU,Y,,
CMCO,EVAX,Y,,
CMCSA,EVCM,Y,,
CMCT,EVER,Y,,
CME,EVGN,Y,,
CMG,EVGO,Y,,
CMI,EVGOW,Y,,
CMLS,EVGR,Y,,
CMMB,EVGRU,Y,,
CMND,EVGRW,Y,,
CMP,EVLV,Y,,
CMPO,EVLVW,Y,,
CMPOW,EVMT,Y,,
CMPR,EVO,Y,,
CMPS,EVOK,Y,,
CMPX,EVRG,Y,,
CMRE,EVSD,Y,,
CMRE^B,EVTV,Y,,
CMRE^C,EWBC,Y,,
CMRE^D,EWCZ,Y,,
CMRX,EWJV,Y,,
CMS,EWTX,Y,,
CMS^B,EWZS,Y,,
CMS^C,EXAS,Y,,
CMSA,EXC,Y,,
CMSC,EXE,Y,,
CMSD,EXEEL,Y,,
CMT,EXEEW,Y,,
CMTG,EXEEZ,Y,,
CMTL,EXEL,Y,,
CMU,EXFY,Y,,
CNA,EXLS,Y,,
CNC,EXPE,Y,,
CNCK,EXPI,Y,,
CNCKW,EXPO,Y,,
CNDT,EXTR,Y,,
CNET,EYE,Y,,
CNEY,EYEG,Y,,
CNF,EYEN,Y,,
CNFR,EYPT,Y,,
CNFRZ,EZFL,Y,,
CNH,EZGO,Y,,
CNI,EZPW,Y,,
CNK,FA,Y,,
CNL,FAAR,Y,,
CNM,FAAS,Y,,
CNMD,FAASW,Y,,
CNNE,FAB,Y,,
CNO,FACT,Y,,
CNO^A,FACTU,Y,,
CNOB,FACTW,Y,,
CNOBP,FAD,Y,,
CNP,FALN,Y,,
CNQ,FAMI,Y,,
CNR,FANG,Y,,
CNS,FARM,Y,,
CNSP,FARO,Y,,
CNTA,FAST,Y,,
CNTB,FAT,Y,,
CNTM,FATBB,Y,,
CNTX,FATBP,Y,,
CNTY,FATBW,Y,,
CNVS,FATE,Y,,
CNX,FBIO,Y,,
CNXC,FBIOP,Y,,
CNXN,FBIZ,Y,,
COCH,FBL,Y,,
COCHW,FBLA,Y,,
COCO,FBLG,Y,,
COCP,FBNC,Y,,
CODA,FBOT,Y,,
CODI,FBRX,Y,,
CODI^A,FBYD,Y,,
CODI^B,FBYDW,Y,,
CODI^C,FBZ,Y,,
CODX,FCA,Y,,
COE,FCAL,Y,,
COEP,FCAP,Y,,
COEPW,FCBC,Y,,
COF,FCCO,Y,,
COF^I,FCEF,Y,,
COF^J,FCEL,Y,,
COF^K,FCFS,Y,,
COF^L,FCNCA,Y,,
COF^N,FCNCO,Y,,
COFS,FCNCP,Y,,
COGT,FCTE,Y,,
COHN,FCUV,Y,,
COHR,FCVT,Y,,
COHU,FDBC,Y,,
COIN,FDCF,Y,,
COKE,FDFF,Y,,
COLAU,FDIF,Y,,
COLB,FDIG,Y,,
COLD,FDIV,Y,,
COLL,FDMT,Y,,
COLM,FDNI,Y,,
COMM,FDSB,Y,,
COMP,FDT,Y,,
CON,FDTS,Y,,
COO,FDTX,Y,,
COOK,FDUS,Y,,
COOP,FEAM,Y,,
COOT,FEAT,Y,,
COOTW,FEBO,Y,,
COP,FEIM,Y,,
COR,FELE,Y,,
CORT,FEM,Y,,
CORZ,FEMB,Y,,
CORZW,FEMS,Y,,
CORZZ,FEMY,Y,,
COSM,FENC,Y,,
COST,FEP,Y,,
COTY,FEPI,Y,,
COUR,FER,Y,,
COYA,FEUZ,Y,,
CP,FEX,Y,,
CPA,FFBC,Y,,
CPAC,FFIC,Y,,
CPAY,FFIE,Y,,
CPB,FFIEW,Y,,
CPBI,FFIN,Y,,
CPF,FFIV,Y,,
CPHC,FFNW,Y,,
CPHI,FGBI,Y,,
CPIX,FGBIP,Y,,
CPK,FGEN,Y,,
CPNG,FGF,Y,,
CPOP,FGFPP,Y,,
CPRI,FGI,Y,,
CPRT,FGIWW,Y,,
CPRX,FGL,Y,,
CPS,FGM,Y,,
CPSH,FHB,Y,,
CPSS,FHTX,Y,,
CPT,FIBK,Y,,
CPZ,FICS,Y,,
CQP,FID,Y,,
CR,FINE,Y,,
CRAI,FINW,Y,,
CRBD,FINX,Y,,
CRBG,FIP,Y,,
CRBP,FISI,Y,,
CRBU,FITB,Y,,
CRC,FITBI,Y,,
CRCT,FITBO,Y,,
CRD/A,FITBP,Y,,
CRD/B,FIVE,Y,,
CRDF,FIVN,Y,,
CRDL,FIVY,Y,,
CRDO,FIXD,Y,,
CREG,FIZZ,Y,,
CRESW,FJP,Y,,
CRESY,FKU,Y,,
CREV,FKWL,Y,,
CREVW,FLDB,Y,,
CREX,FLEX,Y,,
CRF,FLGC,Y,,
CRGO,FLGT,Y,,
CRGOW,FLIC,Y,,
CRGX,FLL,Y,,
CRGY,FLN,Y,,
CRH,FLNC,Y,,
CRI,FLNT,Y,,
CRIS,FLUX,Y,,
CRK,FLWS,Y,,
CRKN,FLX,Y,,
CRL,FLXS,Y,,
CRM,FLYE,Y,,
CRMD,FLYW,Y,,
CRML,FMAO,Y,,
CRMLW,FMB,Y,,
CRMT,FMBH,Y,,
CRNC,FMED,Y,,
CRNT,FMET,Y,,
CRNX,FMHI,Y,,
CRON,FMNB,Y,,
CROX,FMST,Y,,
CRS,FMSTW,Y,,
CRSP,FNGR,Y,,
CRSR,FNK,Y,,
CRT,FNKO,Y,,
CRTO,FNLC,Y,,
CRUS,FNWB,Y,,
CRVL,FNWD,Y,,
CRVO,FNX,Y,,
CRVS,FNY,Y,,
CRWD,FOLD,Y,,
CRWS,FONR,Y,,
CSAN,FORA,Y,,
CSBR,FORD,Y,,
CSCI,FORL,Y,,
CSCO,FORLU,Y,,
CSGP,FORLW,Y,,
CSGS,FORM,Y,,
CSIQ,FORR,Y,,
CSL,FORTY,Y,,
CSLR,FOSL,Y,,
CSLRW,FOSLL,Y,,
CSPI,FOX,Y,,
CSQ,FOXA,Y,,
CSR,FOXF,Y,,
CSTE,FOXX,Y,,
CSTL,FOXXW,Y,,
CSTM,FPA,Y,,
CSV,FPAY,Y,,
CSWC,FPXE,Y,,
CSWCZ,FPXI,Y,,
CSWI,FRAF,Y,,
CSX,FRBA,Y,,
CTA^A,FRGT,Y,,
CTA^B,FRHC,Y,,
CTAS,FRME,Y,,
CTBB,FRMEP,Y,,
CTBI,FROG,Y,,
CTCX,FRPH,Y,,
CTCXW,FRPT,Y,,
CTDD,FRSH,Y,,
CTGO,FRST,Y,,
CTHR,FRSX,Y,,
CTKB,FSBC,Y,,
CTLP,FSBW,Y,,
CTM,FSCS,Y,,
CTMX,FSEA,Y,,
CTNM,FSFG,Y,,
CTNT,FSGS,Y,,
CTO,FSHP,Y,,
CTO^A,FSHPR,Y,,
CTOR,FSHPU,Y,,
CTOS,FSLR,Y,,
CTRA,FSTR,Y,,
CTRE,FSUN,Y,,
CTRI,FSV,Y,,
CTRM,FSZ,Y,,
CTRN,FTA,Y,,
CTS,FTAG,Y,,
CTSH,FTAI,Y,,
CTSO,FTAIM,Y,,
CTV,FTAIN,Y,,
CTVA,FTAIO,Y,,
CTXR,FTC,Y,,
CUB,FTCI,Y,,
CUBA,FTCS,Y,,
CUBB,FTDR,Y,,
CUBE,FTDS,Y,,
CUBI,FTEK,Y,,
CUBI^E,FTEL,Y,,
CUBI^F,FTFT,Y,,
CUBWU,FTGC,Y,,
CUBWW,FTGS,Y,,
CUE,FTHI,Y,,
CUK,FTHM,Y,,
CULP,FTII,Y,,
CURB,FTIIU,Y,,
CURI,FTIIW,Y,,
CURIW,FTLF,Y,,
CURR,FTNT,Y,,
CURV,FTQI,Y,,
CUTR,FTRE,Y,,
CUZ,FTRI,Y,,
CVAC,FTSL,Y,,
CVBF,FTSM,Y,,
CVCO,FTXG,Y,,
CVE,FTXH,Y,,
CVEO,FTXL,Y,,
CVGI,FTXN,Y,,
CVGW,FTXO,Y,,
CVI,FTXR,Y,,
CVKD,FUFU,Y,,
CVLG,FUFUW,Y,,
CVLT,FULC,Y,,
CVM,FULT,Y,,
CVNA,FULTP,Y,,
CVR,FUNC,Y,,
CVRX,FUND,Y,,
CVS,FUSB,Y,,
CVU,FUTU,Y,,
CVV,FV,Y,,
CVX,FVC,Y,,
CW,FVCB,Y,,
CWAN,FVN,Y,,
CWBC,FVNNR,Y,,
CWCO,FVNNU,Y,,
CWD,FWONA,Y,,
CWEN,FWONK,Y,,
CWH,FWRD,Y,,
CWK,FWRG,Y,,
CWST,FXNC,Y,,
CWT,FYBR,Y,,
CX,FYC,Y,,
CXAI,FYT,Y,,
CXAIW,FYX,Y,,
CXDO,GABC,Y,,
CXE,GAIA,Y,,
CXH,GAIN,Y,,
CXM,GAINI,Y,,
CXT,GAINL,Y,,
CXW,GAINN,Y,,
CYBN,GAINZ,Y,,
CYBR,GALT,Y,,
CYCC,GAMB,Y,,
CYCCP,GAME,Y,,
CYCN,GAN,Y,,
CYD,GANX,Y,,
CYH,GASS,Y,,
CYN,GATE,Y,,
CYRX,GATEU,Y,,
CYTH,GATEW,Y,,
CYTHW,GAUZ,Y,,
CYTK,GBBK,Y,,
CZFS,GBBKR,Y,,
CZNC,GBBKW,Y,,
CZR,GBDC,Y,,
CZWI,GBIO,Y,,
D,GCBC,Y,,
DAC,GCMG,Y,,
DADA,GCMGW,Y,,
DAIO,GCT,Y,,
DAKT,GCTK,Y,,
DAL,GDC,Y,,
DALN,GDEN,Y,,
DAN,GDEV,Y,,
DAO,GDEVW,Y,,
DAR,GDHG,Y,,
DARE,GDRX,Y,,
DASH,GDS,Y,,
DATS,GDST,Y,,
DATSW,GDSTR,Y,,
DAVA,GDSTU,Y,,
DAVE,GDSTW,Y,,
DAVEW,GDTC,Y,,
DAWN,GDYN,Y,,
DAY,GECC,Y,,
DB,GECCH,Y,,
DBD,GECCI,Y,,
DBI,GECCO,Y,,
DBL,GECCZ,Y,,
DBRG,GEG,Y,,
DBRG^H,GEGGL,Y,,
DBRG^I,GEHC,Y,,
DBRG^J,GELS,Y,,
DBVT,GEME,Y,,
DBX,GEN,Y,,
DC,GENK,Y,,
DCBO,GEOS,Y,,
DCGO,GERN,Y,,
DCI,GEVO,Y,,
DCO,GFAI,Y,,
DCOM,GFAIW,Y,,
DCOMG,GFGF,Y,,
DCOMP,GFLW,Y,,
DCTH,GFS,Y,,
DD,GGAL,Y,,
DDC,GGLL,Y,,
DDD,GGLS,Y,,
DDI,GGR,Y,,
DDL,GGROW,Y,,
DDOG,GH,Y,,
DDS,GHRS,Y,,
DDT,GIFI,Y,,
DE,GIFT,Y,,
DEA,GIG,Y,,
DEC,GIGGU,Y,,
DECA,GIGGW,Y,,
DECAU,GIGM,Y,,
DECAW,GIII,Y,,
DECK,GILD,Y,,
DEI,GILT,Y,,
DELL,GINX,Y,,
DENN,GIPR,Y,,
DEO,GIPRW,Y,,
DERM,GITS,Y,,
DESP,GLAC,Y,,
DEVS,GLACR,Y,,
DFH,GLACU,Y,,
DFIN,GLAD,Y,,
DFLI,GLADZ,Y,,
DFLIW,GLBE,Y,,
DFP,GLBS,Y,,
DFS,GLBZ,Y,,
DG,GLDD,Y,,
DGHI,GLDI,Y,,
DGICA,GLE,Y,,
DGICB,GLMD,Y,,
DGII,GLNG,Y,,
DGLY,GLOW,Y,,
DGNX,GLPG,Y,,
DGX,GLPI,Y,,
DH,GLRE,Y,,
DHAI,GLSI,Y,,
DHAIW,GLST,Y,,
DHC,GLSTR,Y,,
DHCNI,GLSTU,Y,,
DHCNL,GLSTW,Y,,
DHF,GLTO,Y,,
DHI,GLUE,Y,,
DHIL,GLXG,Y,,
DHR,GLYC,Y,,
DHT,GMAB,Y,,
DHX,GMGI,Y,,
DHY,GMM,Y,,
DIAX,GNFT,Y,,
DIBS,GNLN,Y,,
DIN,GNLX,Y,,
DINO,GNMA,Y,,
DIOD,GNOM,Y,,
DIS,GNPX,Y,,
DIST,GNSS,Y,,
DIT,GNTA,Y,,
DJCO,GNTX,Y,,
DJT,GO,Y,,
DJTWW,GOCO,Y,,
DK,GODN,Y,,
DKL,GODNR,Y,,
DKNG,GODNU,Y,,
DKS,GOEV,Y,,
DLB,GOEVW,Y,,
DLHC,GOGL,Y,,
DLNG,GOGO,Y,,
DLNG^A,GOOD,Y,,
DLNG^B,GOODN,Y,,
DLO,GOODO,Y,,
DLPN,GOOG,Y,,
DLR,GOOGL,Y,,
DLR^J,GORV,Y,,
DLR^K,GOSS,Y,,
DLR^L,GOVI,Y,,
DLTH,GOVX,Y,,
DLTR,GOVXW,Y,,
DLX,GP,Y,,
DLY,GPAT,Y,,
DM,GPATU,Y,,
DMA,GPATW,Y,,
DMAC,GPCR,Y,,
DMB,GPIQ,Y,,
DMF,GPIX,Y,,
DMLP,GPRE,Y,,
DMN,GPRF,Y,,
DMO,GPRO,Y,,
DMRC,GQQQ,Y,,
DMYY,GRAB,Y,,
DNA,GRABW,Y,,
DNB,GRAL,Y,,
DNLI,GRCE,Y,,
DNN,GREE,Y,,
DNOW,GREEL,Y,,
DNP,GRFS,Y,,
DNTH,GRI,Y,,
DNUT,GRID,Y,,
DOC,GRNQ,Y,,
DOCN,GROW,Y,,
DOCS,GRPN,Y,,
DOCU,GRRR,Y,,
DOGZ,GRRRW,Y,,
DOLE,GRVY,Y,,
DOMH,GRWG,Y,,
DOMO,GRYP,Y,,
DOOO,GSBC,Y,,
DORM,GSHD,Y,,
DOUG,GSIB,Y,,
DOV,GSIT,Y,,
DOW,GSIW,Y,,
DOX,GSM,Y,,
DOYU,GSMGW,Y,,
DPG,GSRT,Y,,
DPRO,GSRTR,Y,,
DPZ,GSRTU,Y,,
DQ,GSUN,Y,,
DRCT,GT,Y,,
DRD,GTBP,Y,,
DRDBU,GTEC,Y,,
DRH,GTI,Y,,
DRH^A,GTIM,Y,,
DRI,GTLB,Y,,
DRIO,GTR,Y,,
DRMA,GTX,Y,,
DRMAW,GURE,Y,,
DRRX,GUTS,Y,,
DRS,GV,Y,,
DRTS,GVH,Y,,
DRTSW,GWAV,Y,,
DRUG,GWRS,Y,,
DRVN,GXAI,Y,,
DSGN,GXTG,Y,,
DSGR,GYRE,Y,,
DSGX,GYRO,Y,,
DSL,HAFC,Y,,
DSM,HAIN,Y,,
DSP,HALO,Y,,
DSS,HAO,Y,,
DSU,HAS,Y,,
DSWL,HBAN,Y,,
DSX,HBANL,Y,,
DSX^B,HBANM,Y,,
DSY,HBANP,Y,,
DSYWW,HBCP,Y,,
DT,HBIO,Y,,
DTB,HBNC,Y,,
DTC,HBT,Y,,
DTCK,HCAT,Y,,
DTE,HCKT,Y,,
DTF,HCM,Y,,
DTG,HCOW,Y,,
DTI,HCP,Y,,
DTIL,HCSG,Y,,
DTM,HCTI,Y,,
DTSQ,HCVI,Y,,
DTSQR,HCVIU,Y,,
DTSQU,HCVIW,Y,,
DTSS,HCWB,Y,,
DTST,HDL,Y,,
DTSTW,HDSN,Y,,
DTW,HECO,Y,,
DUK,HEES,Y,,
DUK^A,HEJD,Y,,
DUKB,HELE,Y,,
DUO,HEPA,Y,,
DUOL,HEPS,Y,,
DUOT,HERD,Y,,
DV,HERO,Y,,
DVA,HFBL,Y,,
DVAX,HFFG,Y,,
DVN,HFSP,Y,,
DWSN,HFWA,Y,,
DWTX,HGBL,Y,,
DX,HHS,Y,,
DX^C,HIDE,Y,,
DXC,HIFS,Y,,
DXCM,HIHO,Y,,
DXF,HIMX,Y,,
DXLG,HISF,Y,,
DXPE,HIT,Y,,
DXR,HITI,Y,,
DXST,HIVE,Y,,
DXYZ,HKIT,Y,,
DY,HKPD,Y,,
DYAI,HLAL,Y,,
DYCQ,HLIT,Y,,
DYCQU,HLMN,Y,,
DYN,HLNE,Y,,
DYNX,HLP,Y,,
DYNXU,HLVX,Y,,
DYNXW,HLXB,Y,,
E,HMST,Y,,
EA,HNDL,Y,,
EAD,HNNA,Y,,
EAF,HNNAZ,Y,,
EAI,HNRG,Y,,
EARN,HNST,Y,,
EAST,HNVR,Y,,
EAT,HOFT,Y,,
EB,HOFV,Y,,
EBAY,HOFVW,Y,,
EBC,HOLO,Y,,
EBF,HOLOW,Y,,
EBMT,HOLX,Y,,
EBON,HON,Y,,
EBR,HOND,Y,,
EBS,HONDU,Y,,
EBTC,HONDW,Y,,
EC,HONE,Y,,
ECAT,HOOD,Y,,
ECBK,HOOK,Y,,
ECC           ,HOPE,Y,,
ECC^D,HOTH,Y,,
ECCC,HOUR,Y,,
ECCF,HOVNP,Y,,
ECCU,HOVR,Y,,
ECCV,HOVRW,Y,,
ECCW,HOWL,Y,,
ECCX,HPAI,Y,,
ECDA,HPAIW,Y,,
ECDAW,HPH,Y,,
ECF,HPK,Y,,
ECF^A,HPKEW,Y,,
ECG,HQGO,Y,,
ECL,HQI,Y,,
ECO,HQY,Y,,
ECOR,HRMY,Y,,
ECPG,HROW,Y,,
ECVT,HROWL,Y,,
ECX,HROWM,Y,,
ECXWW,HRTS,Y,,
ED,HRTX,Y,,
EDAP,HRZN,Y,,
EDBL,HSAI,Y,,
EDBLW,HSCS,Y,,
EDD,HSCSW,Y,,
EDF,HSDT,Y,,
EDIT,HSIC,Y,,
EDN,HSII,Y,,
EDR,HSON,Y,,
EDRY,HSPO,Y,,
EDSA,HSPOR,Y,,
EDTK,HSPOU,Y,,
EDU,HSPOW,Y,,
EDUC,HSPTU,Y,,
EE,HST,Y,,
EEA,HSTM,Y,,
EEFT,HTBI,Y,,
EEIQ,HTBK,Y,,
EEX,HTCO,Y,,
EFC,HTCR,Y,,
EFC^A,HTHT,Y,,
EFC^B,HTLD,Y,,
EFC^C,HTLF,Y,,
EFC^D,HTLFP,Y,,
EFOI,HTLM,Y,,
EFR,HTOO,Y,,
EFSC,HTOOW,Y,,
EFSCP,HTZ,Y,,
EFSH,HTZWW,Y,,
EFT,HUBC,Y,,
EFX,HUBCW,Y,,
EFXT,HUBCZ,Y,,
EG,HUBG,Y,,
EGAN,HUDI,Y,,
EGBN,HUHU,Y,,
EGF,HUIZ,Y,,
EGHT,HUMA,Y,,
EGO,HUMAW,Y,,
EGP,HURA,Y,,
EGY,HURC,Y,,
EH,HURN,Y,,
EHAB,HUT,Y,,
EHC,HVIIU,Y,,
EHGO,HWAY,Y,,
EHI,HWBK,Y,,
EHTH,HWC,Y,,
EIC,HWCPZ,Y,,
EICA,HWH,Y,,
EICB,HWKN,Y,,
EICC,HYBI,Y,,
EIG,HYDR,Y,,
EIIA,HYFM,Y,,
EIM,HYLS,Y,,
EIX,HYMC,Y,,
EJH,HYMCL,Y,,
EKSO,HYMCW,Y,,
EL,HYPR,Y,,
ELA,HYXF,Y,,
ELAB,HYZD,Y,,
ELAN,HYZN,Y,,
ELBM,HYZNW,Y,,
ELC,IAC,Y,,
ELDN,IART,Y,,
ELEV,IAS,Y,,
ELF,IBAC,Y,,
ELLO,IBACR,Y,,
ELMD,IBAT,Y,,
ELME,IBB,Y,,
ELP,IBBQ,Y,,
ELPC,IBCP,Y,,
ELPW,IBEX,Y,,
ELS,IBG,Y,,
ELSE,IBGA,Y,,
ELTK,IBGK,Y,,
ELTX,IBIT,Y,,
ELUT,IBKR,Y,,
ELV,IBOC,Y,,
ELVA,IBOT,Y,,
ELVN,IBRX,Y,,
ELWS,IBTF,Y,,
EM,IBTG,Y,,
EMBC,IBTH,Y,,
EMCGR,IBTI,Y,,
EMCGU,IBTJ,Y,,
EMCGW,IBTK,Y,,
EMD,IBTL,Y,,
EME,IBTM,Y,,
EMF,IBTO,Y,,
EMKR,IBTP,Y,,
EML,ICAD,Y,,
EMN,ICCC,Y,,
EMO,ICCH,Y,,
EMP,ICCM,Y,,
EMR,ICCT,Y,,
EMX,ICFI,Y,,
ENB,ICG,Y,,
ENFN,ICHR,Y,,
ENFY,ICLK,Y,,
ENGN,ICLN,Y,,
ENGNW,ICLR,Y,,
ENIC,ICMB,Y,,
ENJ,ICON,Y,,
ENLC,ICOP,Y,,
ENLT,ICU,Y,,
ENLV,ICUCW,Y,,
ENO,ICUI,Y,,
ENOV,IDAI,Y,,
ENPH,IDCC,Y,,
ENR,IDN,Y,,
ENS,IDXX,Y,,
ENSC,IDYA,Y,,
ENSG,IEF,Y,,
ENTA,IEI,Y,,
ENTG,IEP,Y,,
ENTO,IESC,Y,,
ENTX,IEUS,Y,,
ENVA,IFBD,Y,,
ENVB,IFGL,Y,,
ENVX,IFRX,Y,,
ENX,IFV,Y,,
ENZ,IGF,Y,,
EOD,IGIB,Y,,
EOG,IGIC,Y,,
EOI,IGMS,Y,,
EOLS,IGOV,Y,,
EONR,IGSB,Y,,
EOS,IHRT,Y,,
EOSE,IHYF,Y,,
EOSEW,III,Y,,
EOT,IIIV,Y,,
EP,IINN,Y,,
EP^C,IINNW,Y,,
EPAC,IJT,Y,,
EPAM,IKNA,Y,,
EPC,IKT,Y,,
EPD,ILAG,Y,,
EPIX,ILIT,Y,,
EPM,ILLR,Y,,
EPOW,ILLRW,Y,,
EPR,ILMN,Y,,
EPR^C,ILPT,Y,,
EPR^E,IMAB,Y,,
EPR^G,IMCC,Y,,
EPRT,IMCR,Y,,
EPRX,IMCV,Y,,
EPSN,IMG,Y,,
EQ,IMKTA,Y,,
EQBK,IMMP,Y,,
EQC,IMMR,Y,,
EQH,IMMX,Y,,
EQH^A,IMNM,Y,,
EQH^C,IMNN,Y,,
EQIX,IMOM,Y,,
EQNR,IMOS,Y,,
EQR,IMPP,Y,,
EQS,IMPPP,Y,,
EQT,IMRN,Y,,
EQV,IMRX,Y,,
EQX,IMTE,Y,,
ERAS,IMTX,Y,,
ERC,IMTXW,Y,,
ERH,IMUX,Y,,
ERIC,IMVT,Y,,
ERIE,IMXI,Y,,
ERII,INAB,Y,,
ERJ,INBK,Y,,
ERNA,INBKZ,Y,,
ERO,INBS,Y,,
ES,INBX,Y,,
ESAB,INCR,Y,,
ESCA,INCY,Y,,
ESE,INDB,Y,,
ESEA,INDH,Y,,
ESGL,INDI,Y,,
ESGLW,INDP,Y,,
ESGR,INDV,Y,,
ESGRO,INDY,Y,,
ESGRP,INFN,Y,,
ESHAR,INFR,Y,,
ESI,INGN,Y,,
ESLA,INHD,Y,,
ESLT,INKT,Y,,
ESNT,INLF,Y,,
ESOA,INM,Y,,
ESP,INMB,Y,,
ESPR,INMD,Y,,
ESQ,INNV,Y,,
ESRT,INO,Y,,
ESS,INOD,Y,,
ESSA,INRO,Y,,
ESTA,INSE,Y,,
ESTC,INSG,Y,,
ET,INSM,Y,,
ET^I,INTA,Y,,
ETB,INTC,Y,,
ETD,INTG,Y,,
ETG,INTJ,Y,,
ETI^,INTR,Y,,
ETJ,INTS,Y,,
ETN,INTU,Y,,
ETNB,INTZ,Y,,
ETO,INV,Y,,
ETON,INVA,Y,,
ETR,INVE,Y,,
ETSY,INVZ,Y,,
ETV,INVZW,Y,,
ETW,INZY,Y,,
ETWO,IOBT,Y,,
ETX           ,IONR,Y,,
ETY,IONS,Y,,
EU,IOSP,Y,,
EUDA,IOVA,Y,,
EUDAW,IPA,Y,,
EURK,IPAR,Y,,
EURKU,IPDN,Y,,
EVAX,IPGP,Y,,
EVBN,IPHA,Y,,
EVC,IPKW,Y,,
EVCM,IPM,Y,,
EVER,IPSC,Y,,
EVEX,IPW,Y,,
EVF,IPWR,Y,,
EVG,IPX,Y,,
EVGN,IPXX,Y,,
EVGO,IPXXU,Y,,
EVGOW,IPXXW,Y,,
EVGR,IQ,Y,,
EVGRU,IQQQ,Y,,
EVGRW,IRBT,Y,,
EVH,IRD,Y,,
EVI,IRDM,Y,,
EVLV,IREN,Y,,
EVLVW,IRIX,Y,,
EVM,IRMD,Y,,
EVN,IROH,Y,,
EVO,IROHR,Y,,
EVOK,IROHU,Y,,
EVR,IROHW,Y,,
EVRG,IRON,Y,,
EVRI,IROQ,Y,,
EVT,IRTC,Y,,
EVTC,IRWD,Y,,
EVTL,ISHG,Y,,
EVTV,ISHP,Y,,
EVV,ISPC,Y,,
EW,ISPO,Y,,
EWBC,ISPOW,Y,,
EWCZ,ISPR,Y,,
EWTX,ISRG,Y,,
EXAS,ISRL,Y,,
EXC,ISRLU,Y,,
EXE,ISRLW,Y,,
EXEEL,ISSC,Y,,
EXEEZ,ISTB,Y,,
EXEL,ISTR,Y,,
EXFY,ITCI,Y,,
EXG,ITIC,Y,,
EXK,ITOS,Y,,
EXLS,ITRI,Y,,
EXOD,ITRM,Y,,
EXP,ITRN,Y,,
EXPD,IUS,Y,,
EXPE,IUSB,Y,,
EXPI,IUSG,Y,,
EXPO,IUSV,Y,,
EXR,IVA,Y,,
EXTR,IVAC,Y,,
EYE,IVAL,Y,,
EYEN,IVCA,Y,,
EYPT,IVCAU,Y,,
EZFL,IVCAW,Y,,
EZGO,IVDA,Y,,
EZPW,IVDAW,Y,,
F,IVEG,Y,,
F^B,IVP,Y,,
F^C,IVVD,Y,,
F^D,IWTR,Y,,
FA,IXHL,Y,,
FAAS,IXUS,Y,,
FAASW,IZEA,Y,,
FACT,IZM,Y,,
FACTU,IZTC,Y,,
FACTW,JACK,Y,,
FAF,JAGX,Y,,
FAMI,JAKK,Y,,
FANG,JAMF,Y,,
FARM,JANX,Y,,
FARO,JAZZ,Y,,
FAST,JBDI,Y,,
FAT,JBHT,Y,,
FATBB,JBLU,Y,,
FATBP,JBSS,Y,,
FATBW,JCSE,Y,,
FATE,JCTC,Y,,
FAX,JD,Y,,
FBIN,JDOC,Y,,
FBIO,JDZG,Y,,
FBIOP,JEPQ,Y,,
FBIZ,JFBR,Y,,
FBK,JFBRW,Y,,
FBLA,JFIN,Y,,
FBLG,JFU,Y,,
FBMS,JG,Y,,
FBNC,JGLO,Y,,
FBP,JIVE,Y,,
FBRT,JJSF,Y,,
FBRT^E,JKHY,Y,,
FBRX,JL,Y,,
FBYD,JMID,Y,,
FBYDW,JMSB,Y,,
FC,JNVR,Y,,
FCAP,JOUT,Y,,
FCBC,JPEF,Y,,
FCCO,JRSH,Y,,
FCEL,JRVR,Y,,
FCF,JSM,Y,,
FCFS,JSMD,Y,,
FCN,JSML,Y,,
FCNCA,JSPR,Y,,
FCNCO,JSPRW,Y,,
FCNCP,JTAI,Y,,
FCO,JTEK,Y,,
FCPT,JUNE,Y,,
FCRX,JUNS,Y,,
FCT,JVA,Y,,
FCUV,JVSA,Y,,
FCX,JVSAR,Y,,
FDBC,JVSAU,Y,,
FDMT,JWEL,Y,,
FDP,JXG,Y,,
FDS,JYD,Y,,
FDSB,JYNT,Y,,
FDUS,JZ,Y,,
FDX,JZXN,Y,,
FE,KALA,Y,,
FEAM,KALU,Y,,
FEBO,KALV,Y,,
FEDU,KARO,Y,,
FEIM,KAVL,Y,,
FELE,KBSX,Y,,
FEMY,KBWB,Y,,
FENC,KBWD,Y,,
FENG,KBWP,Y,,
FER,KBWR,Y,,
FERG,KBWY,Y,,
FET,KC,Y,,
FF,KDLY,Y,,
FFA,KDLYW,Y,,
FFBC,KDP,Y,,
FFC,KE,Y,,
FFIC,KEAT,Y,,
FFIE,KELYA,Y,,
FFIEW,KELYB,Y,,
FFIN,KEQU,Y,,
FFIV,KFFB,Y,,
FFNW,KGEI,Y,,
FFWM,KHC,Y,,
FG,KIDS,Y,,
FGB,KINS,Y,,
FGBI,KIRK,Y,,
FGBIP,KITT,Y,,
FGEN,KITTW,Y,,
FGF,KLAC,Y,,
FGFPP,KLIC,Y,,
FGI,KLTO,Y,,
FGIWW,KLTOW,Y,,
FGL,KLTR,Y,,
FGN,KLXE,Y,,
FGSN,KMDA,Y,,
FHB,KNDI,Y,,
FHI,KNGZ,Y,,
FHN,KNSA,Y,,
FHN^B,KOD,Y,,
FHN^C,KOPN,Y,,
FHN^E,KOSS,Y,,
FHN^F,KPLT,Y,,
FHTX,KPLTW,Y,,
FI,KPRX,Y,,
FIBK,KPTI,Y,,
FICO,KQQQ,Y,,
FIGS,KRKR,Y,,
FIHL,KRMA,Y,,
FINS,KRMD,Y,,
FINV,KRNT,Y,,
FINW,KRNY,Y,,
FIP,KRON,Y,,
FIS,KROP,Y,,
FISI,KROS,Y,,
FITB,KRRO,Y,,
FITBI,KRT,Y,,
FITBO,KRUS,Y,,
FITBP,KRYS,Y,,
FIVE,KSCP,Y,,
FIVN,KSPI,Y,,
FIX,KTCC,Y,,
FIZZ,KTOS,Y,,
FKWL,KTTA,Y,,
FL,KTTAW,Y,,
FLC,KURA,Y,,
FLEX,KVAC,Y,,
FLG,KVACU,Y,,
FLG^A,KVACW,Y,,
FLG^U,KVHI,Y,,
FLGC,KWE,Y,,
FLGT,KWESW,Y,,
FLIC,KXIN,Y,,
FLL,KYMR,Y,,
FLNC,KYTX,Y,,
FLNG,KZIA,Y,,
FLNT,KZR,Y,,
FLO,LAB,Y,,
FLOC,LAES,Y,,
FLR,LAKE,Y,,
FLS,LAMR,Y,,
FLUT,LANC,Y,,
FLUX,LAND,Y,,
FLWS,LANDM,Y,,
FLX,LANDO,Y,,
FLXS,LANDP,Y,,
FLYE,LARK,Y,,
FLYW,LASE,Y,,
FLYX,LASR,Y,,
FMAO,LAUR,Y,,
FMBH,LAZR,Y,,
FMC,LBGJ,Y,,
FMN,LBRDA,Y,,
FMNB,LBRDK,Y,,
FMS,LBRDP,Y,,
FMST,LBTYA,Y,,
FMSTW,LBTYB,Y,,
FMX,LBTYK,Y,,
FMY,LCDS,Y,,
FN,LCFY,Y,,
FNA,LCFYW,Y,,
FNB,LCID,Y,,
FND,LCNB,Y,,
FNF,LCUT,Y,,
FNGR,LDEM,Y,,
FNKO,LDSF,Y,,
FNLC,LDTC,Y,,
FNV,LDTCW,Y,,
FNWB,LDWY,Y,,
FNWD,LE,Y,,
FOA,LECO,Y,,
FOF,LEDS,Y,,
FOLD,LEE,Y,,
FONR,LEGH,Y,,
FOR,LEGN,Y,,
FORA,LEGR,Y,,
FORD,LENZ,Y,,
FORL,LESL,Y,,
FORLW,LEXI,Y,,
FORM,LEXX,Y,,
FORR,LEXXW,Y,,
FORTY,LFCR,Y,,
FOSL,LFMD,Y,,
FOSLL,LFMDP,Y,,
FOUR,LFSC,Y,,
FOX,LFST,Y,,
FOXA,LFUS,Y,,
FOXF,LFVN,Y,,
FOXO,LFWD,Y,,
FOXX,LGCB,Y,,
FOXXW,LGCL,Y,,
FPAY,LGHL,Y,,
FPF,LGHLW,Y,,
FPH,LGIH,Y,,
FPI,LGMK,Y,,
FR,LGND,Y,,
FRA,LGO,Y,,
FRAF,LGRO,Y,,
FRBA,LGTY,Y,,
FRD,LGVN,Y,,
FREY,LI,Y,,
FRGE,LICN,Y,,
FRGT,LIDR,Y,,
FRHC,LIDRW,Y,,
FRME,LIEN,Y,,
FRMEP,LIF,Y,,
FRO,LILA,Y,,
FROG,LILAK,Y,,
FRPH,LIN,Y,,
FRPT,LINC,Y,,
FRSH,LIND,Y,,
FRST,LINE,Y,,
FRSX,LINK,Y,,
FRT,LION,Y,,
FRT^C,LIPO,Y,,
FSBC,LIQT,Y,,
FSBW,LITE,Y,,
FSCO,LITM,Y,,
FSEA,LITP,Y,,
FSFG,LIVE,Y,,
FSHP,LIVN,Y,,
FSHPR,LIVR,Y,,
FSI,LIXT,Y,,
FSK,LIXTW,Y,,
FSLR,LKCO,Y,,
FSLY,LKFN,Y,,
FSM,LKQ,Y,,
FSP,LLYVA,Y,,
FSS,LLYVK,Y,,
FSTR,LMAT,Y,,
FSUN,LMB,Y,,
FSV,LMBS,Y,,
FT,LMFA,Y,,
FTAI,LMNR,Y,,
FTAIM,LNKB,Y,,
FTAIN,LNKS,Y,,
FTAIO,LNSR,Y,,
FTCI,LNT,Y,,
FTDR,LNTH,Y,,
FTEK,LNW,Y,,
FTEL,LNZA,Y,,
FTF,LNZAW,Y,,
FTFT,LOAN,Y,,
FTHM,LOBO,Y,,
FTHY,LOCO,Y,,
FTI,LOGC,Y,,
FTII,LOGI,Y,,
FTIIU,LOOP,Y,,
FTIIW,LOPE,Y,,
FTK,LOT,Y,,
FTLF,LOTWW,Y,,
FTNT,LOVE,Y,,
FTRE,LPAA,Y,,
FTS,LPAAU,Y,,
FTV,LPAAW,Y,,
FUBO,LPBB,Y,,
FUFU,LPBBU,Y,,
FUFUW,LPBBW,Y,,
FUL,LPCN,Y,,
FULC,LPLA,Y,,
FULT,LPRO,Y,,
FULTP,LPSN,Y,,
FUN,LPTH,Y,,
FUNC,LPTX,Y,,
FUND,LQDA,Y,,
FURY,LQDT,Y,,
FUSB,LRCX,Y,,
FUTU,LRE,Y,,
FVCB,LRFC,Y,,
FVNNR,LRGE,Y,,
FVR,LRHC,Y,,
FVRR,LRMR,Y,,
FWONA,LRND,Y,,
FWONK,LSAK,Y,,
FWRD,LSB,Y,,
FWRG,LSBK,Y,,
FXNC,LSBPW,Y,,
FYBR,LSCC,Y,,
G,LSE,Y,,
GAB,LSEA,Y,,
GAB^G,LSEAW,Y,,
GAB^H,LSH,Y,,
GAB^K,LSTA,Y,,
GABC,LSTR,Y,,
GAIA,LTBR,Y,,
GAIN,LTRN,Y,,
GAINI,LTRX,Y,,
GAINL,LTRY,Y,,
GAINN,LTRYW,Y,,
GAINZ,LUCD,Y,,
GALT,LUCY,Y,,
GAM,LUCYW,Y,,
GAM^B,LULU,Y,,
GAMB,LUNG,Y,,
GAME,LUNR,Y,,
GAN,LUNRW,Y,,
GANX,LVHD,Y,,
GAP,LVLU,Y,,
GASS,LVO,Y,,
GATEU,LVRO,Y,,
GATEW,LVROW,Y,,
GATX,LVTX,Y,,
GAU,LWAY,Y,,
GAUZ,LWLG,Y,,
GB,LX,Y,,
GBAB,LXEH,Y,,
GBBK,LXEO,Y,,
GBBKR,LXRX,Y,,
GBBKW,LYEL,Y,,
GBCI,LYFT,Y,,
GBDC,LYRA,Y,,
GBIO,LYT,Y,,
GBLI,LYTS,Y,,
GBR,LZ,Y,,
GBTG,MACI,Y,,
GBX,MACIU,Y,,
GCBC,MACIW,Y,,
GCI,MAGS,Y,,
GCMG,MAGX,Y,,
GCMGW,MAMA,Y,,
GCO,MAMO,Y,,
GCT,MANH,Y,,
GCTK,MAPS,Y,,
GCTS,MAPSW,Y,,
GCV,MAR,Y,,
GD,MARA,Y,,
GDC,MARPS,Y,,
GDDY,MASI,Y,,
GDEN,MASK,Y,,
GDEV,MASS,Y,,
GDHG,MAT,Y,,
GDL,MATH,Y,,
GDL^C,MATW,Y,,
GDO,MAXI,Y,,
GDOT,MAXN,Y,,
GDRX,MAYS,Y,,
GDS,MBAV,Y,,
GDST,MBAVU,Y,,
GDSTW,MBAVW,Y,,
GDTC,MBB,Y,,
GDV,MBCN,Y,,
GDV^H,MBIN,Y,,
GDV^K,MBINL,Y,,
GDYN,MBINM,Y,,
GE,MBINN,Y,,
GECC,MBIO,Y,,
GECCH,MBLY,Y,,
GECCI,MBNKP,Y,,
GECCO,MBOT,Y,,
GECCZ,MBRX,Y,,
GEF,MBS,Y,,
GEG,MBUU,Y,,
GEGGL,MBWM,Y,,
GEHC,MBX,Y,,
GEL,MCBS,Y,,
GELS,MCDS,Y,,
GEN,MCFT,Y,,
GENC,MCHI,Y,,
GENI,MCHP,Y,,
GENK,MCHS,Y,,
GEO,MCHX,Y,,
GEOS,MCRB,Y,,
GERN,MCRI,Y,,
GES,MCSE,Y,,
GETY,MCTR,Y,,
GEV,MCVT,Y,,
GEVO,MCW,Y,,
GF,MDAI,Y,,
GFAI,MDAIW,Y,,
GFAIW,MDB,Y,,
GFF,MDBH,Y,,
GFI,MDCP,Y,,
GFL,MDCX,Y,,
GFR,MDCXW,Y,,
GFS,MDGL,Y,,
GGAL,MDIA,Y,,
GGB,MDIV,Y,,
GGG,MDLZ,Y,,
GGN,MDRR,Y,,
GGN^B,MDWD,Y,,
GGR,MDXG,Y,,
GGROW,MDXH,Y,,
GGT,ME,Y,,
GGT^E,MEDP,Y,,
GGT^G,MEDX,Y,,
GGZ,MEGL,Y,,
GH,MEIP,Y,,
GHC,MELI,Y,,
GHG,MEMS,Y,,
GHI,MEOH,Y,,
GHLD,MERC,Y,,
GHM,MESA,Y,,
GHRS,MESO,Y,,
GHY,META,Y,,
GIB,METC,Y,,
GIC,METCB,Y,,
GIFI,METCL,Y,,
GIFT,METCZ,Y,,
GIG,METD,Y,,
GIGGU,METU,Y,,
GIGGW,MFH,Y,,
GIGM,MFI,Y,,
GIII,MFIC,Y,,
GIL,MFICL,Y,,
GILD,MFIN,Y,,
GILT,MFLX,Y,,
GIPR,MGEE,Y,,
GIS,MGIC,Y,,
GITS,MGIH,Y,,
GJO,MGNI,Y,,
GJP,MGNX,Y,,
GJR,MGOL,Y,,
GJS,MGPI,Y,,
GJT,MGRC,Y,,
GKOS,MGRM,Y,,
GL,MGRX,Y,,
GL^D,MGTX,Y,,
GLAC,MGX,Y,,
GLAD,MGYR,Y,,
GLADZ,MHLD,Y,,
GLBE,MHUA,Y,,
GLBS,MIDD,Y,,
GLBZ,MIGI,Y,,
GLDD,MILN,Y,,
GLDG,MIMI,Y,,
GLE,MIND,Y,,
GLMD,MIRA,Y,,
GLNG,MIRM,Y,,
GLO,MIST,Y,,
GLOB,MITK,Y,,
GLOP^A,MKAM,Y,,
GLOP^B,MKDW,Y,,
GLOP^C,MKDWW,Y,,
GLP,MKSI,Y,,
GLP^B,MKTW,Y,,
GLPG,MKTX,Y,,
GLPI,MKZR,Y,,
GLQ,MLAB,Y,,
GLRE,MLACU,Y,,
GLSI,MLCO,Y,,
GLST,MLEC,Y,,
GLSTR,MLECW,Y,,
GLSTU,MLGO,Y,,
GLSTW,MLKN,Y,,
GLTO,MLTX,Y,,
GLU,MLYS,Y,,
GLU^A,MMLP,Y,,
GLU^B,MMSI,Y,,
GLUE,MMYT,Y,,
GLV,MNDO,Y,,
GLW,MNDR,Y,,
GLXG,MNDY,Y,,
GLYC,MNKD,Y,,
GM,MNMD,Y,,
GMAB,MNOV,Y,,
GME,MNPR,Y,,
GMED,MNRO,Y,,
GMGI,MNSB,Y,,
GMM,MNSBP,Y,,
GMRE,MNST,Y,,
GMRE^A,MNTK,Y,,
GMS,MNTL,Y,,
GNE,MNTS,Y,,
GNFT,MNTSW,Y,,
GNK,MNY,Y,,
GNL,MNYWW,Y,,
GNL^A,MOB,Y,,
GNL^B,MOBBW,Y,,
GNL^D,MOBX,Y,,
GNL^E,MOBXW,Y,,
GNLN,MODD,Y,,
GNLX,MODL,Y,,
GNPX,MODV,Y,,
GNRC,MOFG,Y,,
GNS,MOGO,Y,,
GNSS,MOLN,Y,,
GNT,MOMO,Y,,
GNT^A,MOOD,Y,,
GNTA,MORN,Y,,
GNTX,MOVE,Y,,
GNTY,MPAA,Y,,
GNW,MPB,Y,,
GO,MPWR,Y,,
GOCO,MQ,Y,,
GODN,MQQQ,Y,,
GODNR,MRAM,Y,,
GODNU,MRBK,Y,,
GOEV,MRCC,Y,,
GOEVW,MRCY,Y,,
GOF,MREO,Y,,
GOGL,MRIN,Y,,
GOGO,MRKR,Y,,
GOLD,MRM,Y,,
GOLF,MRNA,Y,,
GOOD,MRNO,Y,,
GOODN,MRNOW,Y,,
GOODO,MRNS,Y,,
GOOG,MRSN,Y,,
GOOGL,MRTN,Y,,
GOOS,MRUS,Y,,
GORO,MRVI,Y,,
GORV,MRVL,Y,,
GOSS,MRX,Y,,
GOTU,MSAI,Y,,
GOVX,MSAIW,Y,,
GOVXW,MSBI,Y,,
GP,MSBIP,Y,,
GPAT,MSEX,Y,,
GPATU,MSFD,Y,,
GPATW,MSFL,Y,,
GPC,MSFT,Y,,
GPCR,MSFU,Y,,
GPI,MSGM,Y,,
GPJA,MSPR,Y,,
GPK,MSPRW,Y,,
GPMT,MSPRZ,Y,,
GPMT^A,MSS,Y,,
GPN,MSSA,Y,,
GPOR,MSSAR,Y,,
GPRE,MSSAU,Y,,
GPRK,MSSAW,Y,,
GPRO,MSTR,Y,,
GPUS,MSTX,Y,,
GPUS^D,MSW,Y,,
GRAB,MTC,Y,,
GRABW,MTCH,Y,,
GRAF,MTEK,Y,,
GRAL,MTEKW,Y,,
GRBK,MTEN,Y,,
GRBK^A,MTEX,Y,,
GRC,MTLS,Y,,
GRCE,MTRX,Y,,
GRDN,MTSI,Y,,
GREE,MTTR,Y,,
GREEL,MTVA,Y,,
GRF,MU,Y,,
GRFS,MUD,Y,,
GRFX,MULL,Y,,
GRI,MULN,Y,,
GRMN,MURA,Y,,
GRND,MUU,Y,,
GRNQ,MVBF,Y,,
GRNT,MVIS,Y,,
GRO,MVST,Y,,
GROV,MVSTW,Y,,
GROW,MXCT,Y,,
GROY,MXL,Y,,
GRPN,MYCF,Y,,
GRRR,MYCG,Y,,
GRRRW,MYCH,Y,,
GRVY,MYCI,Y,,
GRWG,MYCJ,Y,,
GRX,MYCK,Y,,
GRYP,MYCL,Y,,
GS,MYCM,Y,,
GS^A,MYCN,Y,,
GS^C,MYFW,Y,,
GS^D,MYGN,Y,,
GSAT,MYMF,Y,,
GSBC,MYMG,Y,,
GSBD,MYMH,Y,,
GSHD,MYMI,Y,,
GSIT,MYMJ,Y,,
GSIW,MYNA,Y,,
GSK,MYNZ,Y,,
GSL,MYPS,Y,,
GSL^B,MYPSW,Y,,
GSM,MYRG,Y,,
GSMGW,MYSZ,Y,,
GSRT,NA,Y,,
GSRTR,NAAS,Y,,
GSRTU,NAII,Y,,
GSUN,NAMI,Y,,
GT,NAMS,Y,,
GTBP,NAMSW,Y,,
GTE,NAOV,Y,,
GTEC,NARI,Y,,
GTES,NATH,Y,,
GTI,NATO,Y,,
GTIM,NATR,Y,,
GTLB,NAUT,Y,,
GTLS,NAVI,Y,,
GTLS^B,NAYA,Y,,
GTN,NB,Y,,
GTX,NBBK,Y,,
GTY,NBIS,Y,,
GUG,NBIX,Y,,
GURE,NBN,Y,,
GUT,NBTB,Y,,
GUT^C,NBTX,Y,,
GUTS,NCEW,Y,,
GV,NCI,Y,,
GVA,NCMI,Y,,
GVH,NCNA,Y,,
GWAV,NCNO,Y,,
GWH,NCPB,Y,,
GWRE,NCPL,Y,,
GWRS,NCPLW,Y,,
GWW,NCRA,Y,,
GXAI,NCSM,Y,,
GXO,NCTY,Y,,
GYRE,NDAA,Y,,
GYRO,NDAQ,Y,,
H,NDLS,Y,,
HAE,NDRA,Y,,
HAFC,NDSN,Y,,
HAFN,NECB,Y,,
HAIN,NEGG,Y,,
HAL,NEHC,Y,,
HALO,NEHCW,Y,,
HAO,NEO,Y,,
HAS,NEOG,Y,,
HASI,NEON,Y,,
HAYW,NEOV,Y,,
HBAN,NEOVW,Y,,
HBANL,NEPH,Y,,
HBANM,NERD,Y,,
HBANP,NERV,Y,,
HBB,NESR,Y,,
HBCP,NESRW,Y,,
HBI,NETD,Y,,
HBIO,NETDU,Y,,
HBM,NETDW,Y,,
HBNC,NEUP,Y,,
HBT,NEWT,Y,,
HCA,NEWTG,Y,,
HCAT,NEWTH,Y,,
HCC,NEWTI,Y,,
HCI,NEWTZ,Y,,
HCKT,NEWZ,Y,,
HCM,NEXN,Y,,
HCP,NEXT,Y,,
HCSG,NFBK,Y,,
HCTI,NFE,Y,,
HCVI,NFLX,Y,,
HCVIW,NFTY,Y,,
HCWB,NFXL,Y,,
HCWC,NFXS,Y,,
HCXY,NGNE,Y,,
HD,NHPAP,Y,,
HDB,NHPBP,Y,,
HDL,NHTC,Y,,
HDSN,NICE,Y,,
HE,NIKL,Y,,
HEES,NIOBW,Y,,
HEI,NIPG,Y,,
HEI/A,NISN,Y,,
HELE,NITO,Y,,
HEPA,NIU,Y,,
HEPS,NIVF,Y,,
HEQ,NIVFW,Y,,
HES,NIXT,Y,,
HESM,NIXX,Y,,
HFBL,NIXXW,Y,,
HFFG,NKGN,Y,,
HFRO,NKGNW,Y,,
HFRO^A,NKLA,Y,,
HFWA,NKSH,Y,,
HG,NKTR,Y,,
HGBL,NKTX,Y,,
HGLB,NLSP,Y,,
HGTY,NLSPW,Y,,
HGV,NMFC,Y,,
HHH,NMFCZ,Y,,
HHS,NMIH,Y,,
HI,NMRA,Y,,
HIFS,NMRK,Y,,
HIG,NMTC,Y,,
HIG^G,NN,Y,,
HIHO,NNAVW,Y,,
HII,NNBR,Y,,
HIMS,NNDM,Y,,
HIMX,NNE,Y,,
HIO,NNOX,Y,,
HIPO,NODK,Y,,
HIT,NOEM,Y,,
HITI,NOEMR,Y,,
HIVE,NOEMU,Y,,
HIW,NOEMW,Y,,
HIX,NOTV,Y,,
HKD,NOVT,Y,,
HKIT,NPCE,Y,,
HKPD,NPFI,Y,,
HL,NRC,Y,,
HL^B,NRDS,Y,,
HLF,NRES,Y,,
HLI,NRIM,Y,,
HLIO,NRIX,Y,,
HLIT,NRSN,Y,,
HLLY,NRSNW,Y,,
HLMN,NRXP,Y,,
HLN,NRXPW,Y,,
HLNE,NSCR,Y,,
HLP,NSI,Y,,
HLT,NSIT,Y,,
HLVX,NSPR,Y,,
HLX,NSSC,Y,,
HLXB,NSTS,Y,,
HMC,NSYS,Y,,
HMN,NTAP,Y,,
HMST,NTCL,Y,,
HMY,NTCT,Y,,
HNI,NTES,Y,,
HNNA,NTGR,Y,,
HNNAZ,NTIC,Y,,
HNRG,NTLA,Y,,
HNST,NTNX,Y,,
HNVR,NTRA,Y,,
HNW,NTRB,Y,,
HOFT,NTRBW,Y,,
HOFV,NTRP,Y,,
HOFVW,NTRS,Y,,
HOG,NTRSO,Y,,
HOLO,NTWK,Y,,
HOLOW,NTWO,Y,,
HOLX,NTWOU,Y,,
HOMB,NTWOW,Y,,
HON,NUKK,Y,,
HOND,NUKKW,Y,,
HONDU,NURO,Y,,
HONDW,NUSB,Y,,
HONE,NUSI,Y,,
HOOD,NUTX,Y,,
HOOK,NUVL,Y,,
HOPE,NUWE,Y,,
HOTH,NVA,Y,,
HOUR,NVAWW,Y,,
HOUS,NVAX,Y,,
HOV,NVCR,Y,,
HOVNP,NVCT,Y,,
HOVR,NVD,Y,,
HOVRW,NVDA,Y,,
HOWL,NVDD,Y,,
HP,NVDG,Y,,
HPAI,NVDL,Y,,
HPAIW,NVDS,Y,,
HPE,NVDU,Y,,
HPE^C,NVDW,Y,,
HPF,NVEC,Y,,
HPH,NVEE,Y,,
HPI,NVFY,Y,,
HPK,NVMI,Y,,
HPKEW,NVNI,Y,,
HPP,NVNIW,Y,,
HPP^C,NVNO,Y,,
HPQ,NVTS,Y,,
HPS,NVVE,Y,,
HQH,NVVEW,Y,,
HQI,NVX,Y,,
HQL,NWBI,Y,,
HQY,NWE,Y,,
HR,NWFL,Y,,
HRB,NWGL,Y,,
HRI,NWL,Y,,
HRL,NWPX,Y,,
HRMY,NWS,Y,,
HROW,NWSA,Y,,
HROWL,NWTN,Y,,
HROWM,NWTNW,Y,,
HRTG,NXGL,Y,,
HRTX,NXGLW,Y,,
HRZN,NXL,Y,,
HSAI,NXLIW,Y,,
HSBC,NXPI,Y,,
HSCS,NXPL,Y,,
HSCSW,NXPLW,Y,,
HSDT,NXST,Y,,
HSHP,NXT,Y,,
HSIC,NXTC,Y,,
HSII,NXTG,Y,,
HSON,NXTT,Y,,
HSPO,NXU,Y,,
HSPOR,NYAX,Y,,
HSPOU,NYMT,Y,,
HSPOW,NYMTG,Y,,
HSPTU,NYMTI,Y,,
HST,NYMTL,Y,,
HSTM,NYMTM,Y,,
HSY,NYMTN,Y,,
HTBI,NYMTZ,Y,,
HTBK,NYXH,Y,,
HTCO,NZAC,Y,,
HTCR,NZUS,Y,,
HTD,OABI,Y,,
HTFC,OABIW,Y,,
HTGC,OACC,Y,,
HTH,OACCU,Y,,
HTHT,OACCW,Y,,
HTLD,OAKU,Y,,
HTLF,OAKUR,Y,,
HTLFP,OAKUU,Y,,
HTLM,OAKUW,Y,,
HTOO,OB,Y,,
HTOOW,OBIL,Y,,
HTZ,OBIO,Y,,
HTZWW,OBLG,Y,,
HUBB,OBT,Y,,
HUBC,OCC,Y,,
HUBCW,OCCI,Y,,
HUBCZ,OCCIM,Y,,
HUBG,OCCIN,Y,,
HUBS,OCCIO,Y,,
HUDI,OCEA,Y,,
HUHU,OCEAW,Y,,
HUIZ,OCFC,Y,,
HUM,OCFCP,Y,,
HUMA,OCG,Y,,
HUMAW,OCGN,Y,,
HUN,OCS,Y,,
HURA,OCSAW,Y,,
HURC,OCSL,Y,,
HURN,OCTA,Y,,
HUSA,OCTO,Y,,
HUT,OCUL,Y,,
HUYA,OCX,Y,,
HVIIU,ODD,Y,,
HVT,ODDS,Y,,
HVT/A,ODFL,Y,,
HWBK,ODP,Y,,
HWC,ODVWZ,Y,,
HWCPZ,OESX,Y,,
HWH,OFIX,Y,,
HWKN,OFLX,Y,,
HWM,OFS,Y,,
HWM^,OFSSH,Y,,
HXL,OGI,Y,,
HY,OKTA,Y,,
HYAC,OKUR,Y,,
HYB,OKYO,Y,,
HYFM,OLB,Y,,
HYI,OLED,Y,,
HYLN,OLLI,Y,,
HYMC,OLMA,Y,,
HYMCL,OLPX,Y,,
HYMCW,OM,Y,,
HYPR,OMAB,Y,,
HYT,OMCC,Y,,
HYZN,OMCL,Y,,
HYZNW,OMER,Y,,
HZO,OMEX,Y,,
IAC,OMGA,Y,,
IAE,OMH,Y,,
IAF,OMIC,Y,,
IAG,ON,Y,,
IART,ONB,Y,,
IAS,ONBPO,Y,,
IAUX,ONBPP,Y,,
IBAC,ONC,Y,,
IBACR,ONCO,Y,,
IBCP,ONCY,Y,,
IBEX,ONDS,Y,,
IBG,ONEG,Y,,
IBIO,ONEQ,Y,,
IBKR,ONEW,Y,,
IBM,ONFO,Y,,
IBN,ONFOW,Y,,
IBO,ONMD,Y,,
IBOC,ONMDW,Y,,
IBP,ONVO,Y,,
IBRX,OP,Y,,
IBTA,OPAL,Y,,
ICAD,OPBK,Y,,
ICCC,OPCH,Y,,
ICCH,OPEN,Y,,
ICCM,OPI,Y,,
ICCT,OPINL,Y,,
ICE,OPK,Y,,
ICFI,OPOF,Y,,
ICG,OPRA,Y,,
ICHR,OPRT,Y,,
ICL,OPRX,Y,,
ICLK,OPT,Y,,
ICLR,OPTN,Y,,
ICMB,OPTX,Y,,
ICON,OPTXW,Y,,
ICR^A,OPTZ,Y,,
ICU,OPXS,Y,,
ICUCW,ORGN,Y,,
ICUI,ORGNW,Y,,
IDA,ORGO,Y,,
IDAI,ORIC,Y,,
IDCC,ORIS,Y,,
IDE,ORKA,Y,,
IDN,ORKT,Y,,
IDR,ORLY,Y,,
IDT,ORMP,Y,,
IDXX,ORR,Y,,
IDYA,ORRF,Y,,
IE,OS,Y,,
IEP,OSBC,Y,,
IESC,OSIS,Y,,
IEX,OSPN,Y,,
IFBD,OSS,Y,,
IFF,OST,Y,,
IFN,OSUR,Y,,
IFRX,OSW,Y,,
IFS,OTEX,Y,,
IGA,OTLK,Y,,
IGC,OTLY,Y,,
IGD,OTRK,Y,,
IGI,OTTR,Y,,
IGIC,OUST,Y,,
IGMS,OUSTW,Y,,
IGR,OUSTZ,Y,,
IGT,OVBC,Y,,
IH,OVID,Y,,
IHD,OVLY,Y,,
IHG,OXBR,Y,,
IHRT,OXBRW,Y,,
IHS,OXLC,Y,,
IHT,OXLCI,Y,,
IIF,OXLCL,Y,,
III,OXLCN,Y,,
IIIN,OXLCO,Y,,
IIIV,OXLCP,Y,,
IIM,OXLCZ,Y,,
IINN,OXSQ,Y,,
IINNW,OXSQG,Y,,
IIPR,OXSQZ,Y,,
IIPR^A,OZEM,Y,,
IKNA,OZK,Y,,
IKT,OZKAP,Y,,
ILAG,PAA,Y,,
ILLR,PABD,Y,,
ILLRW,PABU,Y,,
ILMN,PACB,Y,,
ILPT,PAGP,Y,,
IMAB,PAHC,Y,,
IMAX,PAL,Y,,
IMCC,PALI,Y,,
IMCR,PAMT,Y,,
IMG,PANL,Y,,
IMKTA,PANW,Y,,
IMMP,PARA,Y,,
IMMR,PARAA,Y,,
IMMX,PASG,Y,,
IMNM,PATK,Y,,
IMNN,PATN,Y,,
IMO,PAVM,Y,,
IMOS,PAVMZ,Y,,
IMPP,PAVS,Y,,
IMPPP,PAX,Y,,
IMRN,PAYO,Y,,
IMRX,PAYS,Y,,
IMTE,PAYX,Y,,
IMTX,PBBK,Y,,
IMTXW,PBFS,Y,,
IMUX,PBHC,Y,,
IMVT,PBM,Y,,
IMXI,PBMWW,Y,,
INAB,PBPB,Y,,
INBK,PBQQ,Y,,
INBKZ,PBYI,Y,,
INBS,PC,Y,,
INBX,PCAR,Y,,
INCR,PCB,Y,,
INCY,PCH,Y,,
INDB,PCLA,Y,,
INDI,PCMM,Y,,
INDO,PCRX,Y,,
INDP,PCSA,Y,,
INDV,PCSC,Y,,
INFA,PCT,Y,,
INFN,PCTTU,Y,,
INFU,PCTTW,Y,,
INFY,PCTY,Y,,
ING,PCVX,Y,,
INGM,PCYO,Y,,
INGN,PDBA,Y,,
INGR,PDBC,Y,,
INHD,PDCO,Y,,
INKT,PDD,Y,,
INLF,PDEX,Y,,
INLX,PDFS,Y,,
INM,PDLB,Y,,
INMB,PDP,Y,,
INMD,PDSB,Y,,
INN,PDYN,Y,,
INN^E,PDYNW,Y,,
INN^F,PEBK,Y,,
INNV,PEBO,Y,,
INO,PECO,Y,,
INOD,PEGA,Y,,
INSE,PENG,Y,,
INSG,PENN,Y,,
INSI,PEP,Y,,
INSM,PEPG,Y,,
INSP,PEPS,Y,,
INSW,PERI,Y,,
INTA,PESI,Y,,
INTC,PET,Y,,
INTG,PETS,Y,,
INTJ,PETWW,Y,,
INTR,PETZ,Y,,
INTS,PEV,Y,,
INTT,PEY,Y,,
INTU,PEZ,Y,,
INTZ,PFBC,Y,,
INUV,PFC,Y,,
INV,PFF,Y,,
INVA,PFG,Y,,
INVE,PFI,Y,,
INVH,PFIS,Y,,
INVX,PFM,Y,,
INVZ,PFX,Y,,
INVZW,PFXNZ,Y,,
INZY,PGC,Y,,
IOBT,PGEN,Y,,
IONQ,PGHL,Y,,
IONR,PGJ,Y,,
IONS,PGNY,Y,,
IOR,PGY,Y,,
IOSP,PGYWW,Y,,
IOT,PHAR,Y,,
IOVA,PHAT,Y,,
IP,PHH,Y,,
IPA,PHIO,Y,,
IPAR,PHLT,Y,,
IPDN,PHO,Y,,
IPG,PHUN,Y,,
IPGP,PHVS,Y,,
IPHA,PI,Y,,
IPI,PID,Y,,
IPM,PIE,Y,,
IPSC,PIII,Y,,
IPW,PIIIW,Y,,
IPWR,PINC,Y,,
IPX,PIO,Y,,
IPXX,PITA,Y,,
IPXXW,PITAW,Y,,
IQ,PIZ,Y,,
IQI,PKBK,Y,,
IQV,PKOH,Y,,
IR,PKW,Y,,
IRBT,PLAB,Y,,
IRD,PLAO,Y,,
IRDM,PLAY,Y,,
IREN,PLBC,Y,,
IRIX,PLBY,Y,,
IRM,PLCE,Y,,
IRMD,PLL,Y,,
IROH,PLMJ,Y,,
IROHR,PLMJU,Y,,
IROHW,PLMJW,Y,,
IRON,PLMKU,Y,,
IROQ,PLMR,Y,,
IRS,PLPC,Y,,
IRT,PLRX,Y,,
IRTC,PLRZ,Y,,
IRWD,PLSE,Y,,
ISD,PLTD,Y,,
ISDR,PLTK,Y,,
ISPC,PLTR,Y,,
ISPO,PLTU,Y,,
ISPOW,PLUG,Y,,
ISPR,PLUR,Y,,
ISRG,PLUS,Y,,
ISRL,PLXS,Y,,
ISRLU,PLYA,Y,,
ISRLW,PMAX,Y,,
ISSC,PMBS,Y,,
ISTR,PMCB,Y,,
IT,PMEC,Y,,
ITCI,PMN,Y,,
ITGR,PMTS,Y,,
ITIC,PMVP,Y,,
ITOS,PNBK,Y,,
ITP,PNFP,Y,,
ITRG,PNFPP,Y,,
ITRI,PNQI,Y,,
ITRM,PNRG,Y,,
ITRN,PNTG,Y,,
ITT,POAI,Y,,
ITUB,POCI,Y,,
ITW,PODC,Y,,
IVA,PODD,Y,,
IVAC,POET,Y,,
IVCA,POLA,Y,,
IVCAW,POLE,Y,,
IVDA,POLEU,Y,,
IVDAW,POLEW,Y,,
IVP,PONY,Y,,
IVR,POOL,Y,,
IVR^C,POWI,Y,,
IVT,POWL,Y,,
IVVD,POWW,Y,,
IVZ,POWWP,Y,,
IX,PPBI,Y,,
IXHL,PPBT,Y,,
IZEA,PPC,Y,,
IZM,PPH,Y,,
IZTC,PPI,Y,,
J,PPIH,Y,,
JACK,PPSI,Y,,
JAGX,PPTA,Y,,
JAKK,PQAP,Y,,
JAMF,PQJA,Y,,
JANX,PQJL,Y,,
JAZZ,PQOC,Y,,
JBDI,PRAA,Y,,
JBGS,PRAX,Y,,
JBHT,PRCH,Y,,
JBI,PRCT,Y,,
JBK,PRDO,Y,,
JBL,PRE,Y,,
JBLU,PRENW,Y,,
JBSS,PRFX,Y,,
JBTM,PRFZ,Y,,
JCE,PRGS,Y,,
JCI,PRLD,Y,,
JCSE,PRME,Y,,
JCTC,PRN,Y,,
JD,PROC,Y,,
JDZG,PROCW,Y,,
JEF,PROF,Y,,
JELD,PROK,Y,,
JEQ,PROP,Y,,
JFBR,PROV,Y,,
JFBRW,PRPH,Y,,
JFIN,PRPL,Y,,
JFR,PRPO,Y,,
JFU,PRQR,Y,,
JG,PRSO,Y,,
JGH,PRTA,Y,,
JHG,PRTC,Y,,
JHI,PRTG,Y,,
JHS,PRTH,Y,,
JHX,PRTS,Y,,
JILL,PRVA,Y,,
JJSF,PRZO,Y,,
JKHY,PSC,Y,,
JKS,PSCC,Y,,
JL,PSCD,Y,,
JLL,PSCE,Y,,
JLS,PSCF,Y,,
JMIA,PSCH,Y,,
JMM,PSCI,Y,,
JMSB,PSCM,Y,,
JNJ,PSCT,Y,,
JNPR,PSCU,Y,,
JNVR,PSEC,Y,,
JOB,PSET,Y,,
JOBY,PSHG,Y,,
JOE,PSIG,Y,,
JOF,PSIX,Y,,
JOUT,PSL,Y,,
JPC,PSMT,Y,,
JPI,PSNL,Y,,
JPM,PSNY,Y,,
JPM^C,PSNYW,Y,,
JPM^D,PSTR,Y,,
JPM^J,PSTV,Y,,
JPM^K,PSWD,Y,,
JPM^L,PT,Y,,
JPM^M,PTC,Y,,
JQC,PTCT,Y,,
JRI,PTEC,Y,,
JRS,PTEN,Y,,
JRSH,PTF,Y,,
JRVR,PTGX,Y,,
JSM,PTH,Y,,
JSPR,PTHL,Y,,
JSPRW,PTIR,Y,,
JTAI,PTIX,Y,,
JUNE,PTIXW,Y,,
JUNS,PTLE,Y,,
JVA,PTLO,Y,,
JVSA,PTMN,Y,,
JVSAR,PTNQ,Y,,
JWEL,PTON,Y,,
JWN,PTPI,Y,,
JXG,PTVE,Y,,
JXN,PUBM,Y,,
JXN^A,PUI,Y,,
JYD,PULM,Y,,
JYNT,PVBC,Y,,
JZ,PVLA,Y,,
JZXN,PWM,Y,,
K,PWOD,Y,,
KAI,PWP,Y,,
KALA,PWUP,Y,,
KALU,PWUPU,Y,,
KALV,PWUPW,Y,,
KAPA,PXI,Y,,
KAR,PXLW,Y,,
KARO,PXS,Y,,
KAVL,PXSAW,Y,,
KB,PY,Y,,
KBDC,PYCR,Y,,
KBH,PYPD,Y,,
KBR,PYPL,Y,,
KBSX,PYXS,Y,,
KC,PYZ,Y,,
KD,PZZA,Y,,
KDLY,QABA,Y,,
KDLYW,QAT,Y,,
KDP,QBIG,Y,,
KE,QBUF,Y,,
KELYA,QCLN,Y,,
KELYB,QCLR,Y,,
KEN,QCOM,Y,,
KEP,QCRH,Y,,
KEQU,QDEL,Y,,
KEX,QETA,Y,,
KEY,QETAR,Y,,
KEY^I,QETAU,Y,,
KEY^J,QFIN,Y,,
KEY^K,QH,Y,,
KEY^L,QHDG,Y,,
KEYS,QIPT,Y,,
KF,QLGN,Y,,
KFFB,QLYS,Y,,
KFRC,QMCO,Y,,
KFS,QMID,Y,,
KFY,QMMM,Y,,
KGC,QMOM,Y,,
KGEI,QNCX,Y,,
KGS,QNRX,Y,,
KHC,QNST,Y,,
KIDS,QNTM,Y,,
KIM,QNXT,Y,,
KIM^L,QOWZ,Y,,
KIM^M,QQA,Y,,
KIM^N,QQEW,Y,,
KIND,QQJG,Y,,
KINS,QQLV,Y,,
KIO,QQMG,Y,,
KIRK,QQQ,Y,,
KITT,QQQA,Y,,
KITTW,QQQE,Y,,
KKR,QQQG,Y,,
KKRS,QQQI,Y,,
KLAC,QQQJ,Y,,
KLC,QQQM,Y,,
KLG,QQQP,Y,,
KLIC,QQQS,Y,,
KLTO,QQQT,Y,,
KLTOW,QQQW,Y,,
KLTR,QQQX,Y,,
KLXE,QQQY,Y,,
KMB,QQXT,Y,,
KMDA,QRHC,Y,,
KMI,QRMI,Y,,
KMPB,QRTEA,Y,,
KMPR,QRTEB,Y,,
KMT,QRTEP,Y,,
KMX,QRVO,Y,,
KN,QSG,Y,,
KNDI,QSI,Y,,
KNF,QSIAW,Y,,
KNOP,QSIX,Y,,
KNSA,QSML,Y,,
KNSL,QTEC,Y,,
KNTK,QTI,Y,,
KNW,QTOP,Y,,
KNX,QTR,Y,,
KO,QTRX,Y,,
KOD,QTTB,Y,,
KODK,QTUM,Y,,
KOF,QUBT,Y,,
KOP,QUIK,Y,,
KOPN,QURE,Y,,
KORE,QVAL,Y,,
KOS,QXQ,Y,,
KOSS,QYLD,Y,,
KPLT,QYLE,Y,,
KPLTW,QYLG,Y,,
KPRX,RADX,Y,,
KPTI,RAIL,Y,,
KR,RAIN,Y,,
KRC,RAINW,Y,,
KREF,RAND,Y,,
KREF^A,RANG,Y,,
KRG,RANGR,Y,,
KRKR,RANGU,Y,,
KRMD,RANI,Y,,
KRNT,RAPP,Y,,
KRNY,RAPT,Y,,
KRO,RARE,Y,,
KRON,RAVE,Y,,
KROS,RAY,Y,,
KRP,RAYA,Y,,
KRRO,RAYS,Y,,
KRT,RBB,Y,,
KRUS,RBBN,Y,,
KRYS,RBCAA,Y,,
KSCP,RBKB,Y,,
KSPI,RCAT,Y,,
KSS,RCEL,Y,,
KT,RCKT,Y,,
KTB,RCKTW,Y,,
KTCC,RCKY,Y,,
KTF,RCMT,Y,,
KTH,RCON,Y,,
KTN,RDAC,Y,,
KTOS,RDACR,Y,,
KTTA,RDACU,Y,,
KTTAW,RDCM,Y,,
KUKE,RDFN,Y,,
KULR,RDHL,Y,,
KURA,RDI,Y,,
KVAC,RDIB,Y,,
KVHI,RDNT,Y,,
KVUE,RDUS,Y,,
KVYO,RDVT,Y,,
KW,RDVY,Y,,
KWE,RDWR,Y,,
KWESW,RDZN,Y,,
KWR,RDZNW,Y,,
KXIN,REAI,Y,,
KYMR,REAL,Y,,
KYN,REAX,Y,,
KYTX,REBN,Y,,
KZIA,RECT,Y,,
KZR,REE,Y,,
L,REFI,Y,,
LAAC,REFR,Y,,
LAB,REG,Y,,
LAC,REGCO,Y,,
LAD,REGCP,Y,,
LADR,REGN,Y,,
LAES,REIT,Y,,
LAKE,REKR,Y,,
LAMR,RELI,Y,,
LANC,RELIW,Y,,
LAND,RELL,Y,,
LANDM,RELY,Y,,
LANDO,RENB,Y,,
LANDP,RENE,Y,,
LANV,RENEU,Y,,
LARK,RENEW,Y,,
LASE,RENT,Y,,
LASR,REPL,Y,,
LAUR,RETO,Y,,
LAW,REVB,Y,,
LAZ,REVBW,Y,,
LAZR,REYN,Y,,
LB,RFAC,Y,,
LBGJ,RFACR,Y,,
LBRDA,RFACU,Y,,
LBRDK,RFACW,Y,,
LBRDP,RFAI,Y,,
LBRT,RFAIR,Y,,
LBTYA,RFAIU,Y,,
LBTYB,RFDI,Y,,
LBTYK,RFEM,Y,,
LC,RFEU,Y,,
LCFY,RFIL,Y,,
LCFYW,RGC,Y,,
LCID,RGCO,Y,,
LCII,RGEN,Y,,
LCNB,RGLD,Y,,
LCTX,RGLS,Y,,
LCUT,RGNX,Y,,
LDI,RGP,Y,,
LDOS,RGS,Y,,
LDP,RGTI,Y,,
LDTC,RGTIW,Y,,
LDTCW,RIBBU,Y,,
LDWY,RICK,Y,,
LE,RIGL,Y,,
LEA,RILY,Y,,
LECO,RILYG,Y,,
LEDS,RILYK,Y,,
LEE,RILYL,Y,,
LEG,RILYM,Y,,
LEGH,RILYN,Y,,
LEGN,RILYP,Y,,
LEGT,RILYT,Y,,
LEN,RILYZ,Y,,
LENZ,RIME,Y,,
LEO,RING,Y,,
LESL,RIOT,Y,,
LEU,RITR,Y,,
LEVI,RIVN,Y,,
LEXX,RKDA,Y,,
LEXXW,RKLB,Y,,
LFCR,RLAY,Y,,
LFMD,RLMD,Y,,
LFMDP,RLYB,Y,,
LFST,RMBI,Y,,
LFT,RMBL,Y,,
LFT^A,RMBS,Y,,
LFUS,RMCF,Y,,
LFVN,RMCO,Y,,
LFWD,RMCOW,Y,,
LGCB,RMNI,Y,,
LGCL,RMR,Y,,
LGCY,RMSG,Y,,
LGHL,RMSGW,Y,,
LGHLW,RMTI,Y,,
LGI,RNA,Y,,
LGIH,RNAC,Y,,
LGL,RNAZ,Y,,
LGMK,RNEM,Y,,
LGND,RNEW,Y,,
LGO,RNRG,Y,,
LGTY,RNTX,Y,,
LGVN,RNW,Y,,
LH,RNWWW,Y,,
LHX,RNXT,Y,,
LI,ROAD,Y,,
LICN,ROBT,Y,,
LICY,ROCK,Y,,
LIDR,ROE,Y,,
LIDRW,ROIC,Y,,
LIEN,ROIV,Y,,
LIF,ROKU,Y,,
LII,ROMA,Y,,
LILA,ROOT,Y,,
LILAK,ROP,Y,,
LIN,ROST,Y,,
LINC,RPAY,Y,,
LIND,RPD,Y,,
LINE,RPID,Y,,
LINK,RPRX,Y,,
LION,RPTX,Y,,
LIPO,RR,Y,,
LIQT,RRBI,Y,,
LITB,RRGB,Y,,
LITE,RRR,Y,,
LITM,RSLS,Y,,
LIVE,RSSS,Y,,
LIVN,RSVR,Y,,
LIXT,RSVRW,Y,,
LIXTW,RTC,Y,,
LKCO,RTH,Y,,
LKFN,RUM,Y,,
LKQ,RUMBW,Y,,
LLY,RUN,Y,,
LLYVA,RUNN,Y,,
LLYVK,RUSHA,Y,,
LMAT,RUSHB,Y,,
LMB,RVMD,Y,,
LMFA,RVMDW,Y,,
LMND,RVNC,Y,,
LMNR,RVPH,Y,,
LMT,RVPHW,Y,,
LNC,RVSB,Y,,
LNC^D,RVSN,Y,,
LND,RVSNW,Y,,
LNG,RVYL,Y,,
LNKB,RWAY,Y,,
LNKS,RWAYL,Y,,
LNN,RWAYZ,Y,,
LNSR,RXRX,Y,,
LNT,RXST,Y,,
LNTH,RXT,Y,,
LNW,RYAAY,Y,,
LNZA,RYTM,Y,,
LNZAW,RZLT,Y,,
LOAN,RZLV,Y,,
LOAR,RZLVW,Y,,
LOB,SABR,Y,,
LOBO,SABS,Y,,
LOCL,SABSW,Y,,
LOCO,SAFT,Y,,
LODE,SAG,Y,,
LOGC,SAGE,Y,,
LOGI,SAIA,Y,,
LOMA,SAIC,Y,,
LOOP,SAIH,Y,,
LOPE,SAIHW,Y,,
LOT,SAMG,Y,,
LOTWW,SANA,Y,,
LOVE,SANG,Y,,
LOW,SANM,Y,,
LPA,SANW,Y,,
LPAA,SARK,Y,,
LPAAW,SASR,Y,,
LPBB,SATL,Y,,
LPBBU,SATLW,Y,,
LPBBW,SATS,Y,,
LPCN,SAVA,Y,,
LPG,SBAC,Y,,
LPL,SBC,Y,,
LPLA,SBCF,Y,,
LPRO,SBCWW,Y,,
LPSN,SBET,Y,,
LPTH,SBFG,Y,,
LPTX,SBFM,Y,,
LPX,SBFMW,Y,,
LQDA,SBGI,Y,,
LQDT,SBLK,Y,,
LRCX,SBRA,Y,,
LRE,SBT,Y,,
LRFC,SBUX,Y,,
LRHC,SCDS,Y,,
LRMR,SCHL,Y,,
LRN,SCKT,Y,,
LSAK,SCLX,Y,,
LSB,SCLXW,Y,,
LSBK,SCNI,Y,,
LSBPW,SCNX,Y,,
LSCC,SCOR,Y,,
LSE,SCPH,Y,,
LSEA,SCSC,Y,,
LSEAW,SCVL,Y,,
LSF,SCWO,Y,,
LSH,SCWX,Y,,
LSPD,SCYX,Y,,
LSTA,SCZ,Y,,
LSTR,SDA,Y,,
LTBR,SDAWW,Y,,
LTC,SDG,Y,,
LTH,SDGR,Y,,
LTM,SDIG,Y,,
LTRN,SDOT,Y,,
LTRX,SDSI,Y,,
LTRY,SDST,Y,,
LTRYW,SDSTW,Y,,
LU,SDVY,Y,,
LUCD,SEAT,Y,,
LUCK,SEATW,Y,,
LUCY,SEDG,Y,,
LUCYW,SEED,Y,,
LULU,SEEM,Y,,
LUMN,SEER,Y,,
LUNG,SEIC,Y,,
LUNR,SEIE,Y,,
LUNRW,SEIS,Y,,
LUV,SELF,Y,,
LVLU,SELX,Y,,
LVO,SENEA,Y,,
LVRO,SENEB,Y,,
LVROW,SEPN,Y,,
LVS,SERA,Y,,
LVTX,SERV,Y,,
LVWR,SETM,Y,,
LW,SEVN,Y,,
LWAY,SEZL,Y,,
LWLG,SFBC,Y,,
LX,SFHG,Y,,
LXEH,SFIX,Y,,
LXEO,SFLO,Y,,
LXFR,SFM,Y,,
LXP,SFNC,Y,,
LXP^C,SFST,Y,,
LXRX,SFWL,Y,,
LXU,SGA,Y,,
LYB,SGBX,Y,,
LYEL,SGC,Y,,
LYFT,SGD,Y,,
LYG,SGHT,Y,,
LYRA,SGLY,Y,,
LYT,SGMA,Y,,
LYTS,SGML,Y,,
LYV,SGMO,Y,,
LZ,SGMT,Y,,
LZB,SGRP,Y,,
LZM,SGRY,Y,,
M,SHBI,Y,,
MA,SHC,Y,,
MAA,SHEN,Y,,
MAA^I,SHFS,Y,,
MAC,SHFSW,Y,,
MACI,SHIM,Y,,
MACIU,SHIP,Y,,
MACIW,SHLS,Y,,
MAG,SHLT,Y,,
MAGN,SHMD,Y,,
MAIA,SHMDW,Y,,
MAIN,SHOO,Y,,
MAMA,SHOT,Y,,
MAMO,SHOTW,Y,,
MAN,SHPH,Y,,
MANH,SHRY,Y,,
MANU,SHV,Y,,
MAPS,SHY,Y,,
MAPSW,SHYF,Y,,
MAR,SIBN,Y,,
MARA,SIDU,Y,,
MARPS,SIEB,Y,,
MAS,SIFY,Y,,
MASI,SIGA,Y,,
MASK,SIGI,Y,,
MASS,SIGIP,Y,,
MAT,SILC,Y,,
MATH,SILO,Y,,
MATV,SIMA,Y,,
MATW,SIMAU,Y,,
MATX,SIMAW,Y,,
MAV,SIMO,Y,,
MAX,SINT,Y,,
MAXN,SIRI,Y,,
MAYS,SISI,Y,,
MBAV,SITM,Y,,
MBAVU,SIXG,Y,,
MBAVW,SJ,Y,,
MBC,SJCP,Y,,
MBCN,SJLD,Y,,
MBI,SJW,Y,,
MBIN,SKBL,Y,,
MBINL,SKGR,Y,,
MBINM,SKGRU,Y,,
MBINN,SKGRW,Y,,
MBIO,SKIN,Y,,
MBLY,SKK,Y,,
MBNKP,SKOR,Y,,
MBOT,SKRE,Y,,
MBRX,SKWD,Y,,
MBUU,SKYE,Y,,
MBWM,SKYQ,Y,,
MBX,SKYT,Y,,
MC,SKYU,Y,,
MCB,SKYW,Y,,
MCBS,SKYX,Y,,
MCD,SKYY,Y,,
MCFT,SLAB,Y,,
MCHP,SLDB,Y,,
MCHX,SLDP,Y,,
MCI,SLDPW,Y,,
MCK,SLE,Y,,
MCN,SLGL,Y,,
MCO,SLM,Y,,
MCR,SLMBP,Y,,
MCRB,SLN,Y,,
MCRI,SLNG,Y,,
MCS,SLNH,Y,,
MCTR,SLNHP,Y,,
MCVT,SLNO,Y,,
MCW,SLP,Y,,
MCY,SLQD,Y,,
MD,SLRC,Y,,
MDAI,SLRN,Y,,
MDAIW,SLRX,Y,,
MDB,SLS,Y,,
MDBH,SLVO,Y,,
MDCX,SLVR,Y,,
MDCXW,SLXN,Y,,
MDGL,SLXNW,Y,,
MDIA,SMBC,Y,,
MDLZ,SMCF,Y,,
MDRR,SMCI,Y,,
MDT,SMCL,Y,,
MDU,SMCO,Y,,
MDV,SMCX,Y,,
MDV^A,SMH,Y,,
MDWD,SMHX,Y,,
MDXG,SMID,Y,,
MDXH,SMLR,Y,,
ME,SMMT,Y,,
MEC,SMPL,Y,,
MED,SMRI,Y,,
MEDP,SMSI,Y,,
MEG,SMST,Y,,
MEGI,SMTC,Y,,
MEGL,SMTI,Y,,
MEI,SMTK,Y,,
MEIP,SMX,Y,,
MELI,SMXT,Y,,
MEOH,SMXWW,Y,,
MER^K,SNAL,Y,,
MERC,SNAX,Y,,
MESA,SNAXW,Y,,
MESO,SNBR,Y,,
MET,SNCR,Y,,
MET^A,SNCRL,Y,,
MET^E,SNCY,Y,,
MET^F,SND,Y,,
META,SNDL,Y,,
METC,SNDX,Y,,
METCB,SNES,Y,,
METCL,SNEX,Y,,
METCZ,SNFCA,Y,,
MFA,SNGX,Y,,
MFA^B,SNOA,Y,,
MFA^C,SNPS,Y,,
MFAN,SNPX,Y,,
MFAO,SNRE,Y,,
MFC,SNSE,Y,,
MFG,SNSR,Y,,
MFH,SNT,Y,,
MFI,SNTG,Y,,
MFIC,SNTI,Y,,
MFICL,SNY,Y,,
MFIN,SNYR,Y,,
MFM,SOBR,Y,,
MG,SOCL,Y,,
MGA,SOFI,Y,,
MGEE,SOFX,Y,,
MGF,SOGP,Y,,
MGIC,SOHO,Y,,
MGIH,SOHOB,Y,,
MGLD,SOHON,Y,,
MGM,SOHOO,Y,,
MGNI,SOHU,Y,,
MGNX,SOND,Y,,
MGOL,SONDW,Y,,
MGPI,SONM,Y,,
MGR,SONN,Y,,
MGRB,SONO,Y,,
MGRC,SOPA,Y,,
MGRD,SOPH,Y,,
MGRE,SOTK,Y,,
MGRM,SOUN,Y,,
MGRX,SOUNW,Y,,
MGTX,SOWG,Y,,
MGX,SOXM,Y,,
MGY,SOXQ,Y,,
MGYR,SOXW,Y,,
MHD,SOXX,Y,,
MHF,SPAI,Y,,
MHH,SPAM,Y,,
MHI,SPAQ,Y,,
MHK,SPBC,Y,,
MHLA,SPC,Y,,
MHLD,SPCB,Y,,
MHN,SPCX,Y,,
MHNC,SPFI,Y,,
MHO,SPGC,Y,,
MHUA,SPHAU,Y,,
MI,SPHL,Y,,
MIDD,SPKL,Y,,
MIGI,SPKLU,Y,,
MIMI,SPKLW,Y,,
MIN,SPNS,Y,,
MIND,SPOK,Y,,
MIO,SPPL,Y,,
MIR,SPRB,Y,,
MIRA,SPRC,Y,,
MIRM,SPRO,Y,,
MIST,SPRX,Y,,
MITK,SPRY,Y,,
MITN,SPSC,Y,,
MITP,SPT,Y,,
MITQ,SPTN,Y,,
MITT,SPWH,Y,,
MITT^A,SPYB,Y,,
MITT^B,SPYM,Y,,
MITT^C,SPYQ,Y,,
MIY,SQFT,Y,,
MKC,SQFTP,Y,,
MKDW,SQFTW,Y,,
MKDWW,SQLV,Y,,
MKFG,SQQQ,Y,,
MKL,SRAD,Y,,
MKSI,SRBK,Y,,
MKTW,SRCE,Y,,
MKTX,SRDX,Y,,
MKZR,SRET,Y,,
ML,SRM,Y,,
MLAB,SRPT,Y,,
MLACU,SRRK,Y,,
MLCO,SRTS,Y,,
MLEC,SRZN,Y,,
MLECW,SRZNW,Y,,
MLGO,SSBI,Y,,
MLI,SSBK,Y,,
MLKN,SSKN,Y,,
MLM,SSNC,Y,,
MLNK,SSP,Y,,
MLP,SSRM,Y,,
MLR,SSSS,Y,,
MLSS,SSSSL,Y,,
MLTX,SSTI,Y,,
MLYS,SSYS,Y,,
MMA,STAA,Y,,
MMC,STAF,Y,,
MMD,STAI,Y,,
MMI,STBA,Y,,
MMLP,STBX,Y,,
MMM,STEC,Y,,
MMS,STEP,Y,,
MMSI,STFS,Y,,
MMT,STGW,Y,,
MMU,STHO,Y,,
MMYT,STI,Y,,
MNDO,STIM,Y,,
MNDR,STKH,Y,,
MNDY,STKL,Y,,
MNKD,STKS,Y,,
MNMD,STLD,Y,,
MNOV,STNC,Y,,
MNPR,STNE,Y,,
MNR,STOK,Y,,
MNRO,STRA,Y,,
MNSB,STRL,Y,,
MNSBP,STRM,Y,,
MNSO,STRO,Y,,
MNST,STRR,Y,,
MNTK,STRRP,Y,,
MNTS,STRS,Y,,
MNTSW,STRT,Y,,
MNY,STSB,Y,,
MNYWW,STSS,Y,,
MO,STSSW,Y,,
MOB,STTK,Y,,
MOBBW,STX,Y,,
MOBX,SUGP,Y,,
MOBXW,SUNE,Y,,
MOD,SUNS,Y,,
MODD,SUPN,Y,,
MODG,SURG,Y,,
MODV,SUSB,Y,,
MOFG,SUSC,Y,,
MOGO,SUSL,Y,,
MOGU,SUUN,Y,,
MOH,SVA,Y,,
MOLN,SVC,Y,,
MOMO,SVCO,Y,,
MORN,SVII,Y,,
MOS,SVIIR,Y,,
MOV,SVIIU,Y,,
MOVE,SVIIW,Y,,
MP,SVRA,Y,,
MPA,SVRE,Y,,
MPAA,SVREW,Y,,
MPB,SWAG,Y,,
MPC,SWAGW,Y,,
MPLN,SWBI,Y,,
MPLX,SWIM,Y,,
MPTI,SWIN,Y,,
MPU,SWKH,Y,,
MPV,SWKHL,Y,,
MPW,SWKS,Y,,
MPWR,SWP,Y,,
MPX,SWTX,Y,,
MQ,SWVL,Y,,
MQT,SWVLW,Y,,
MQY,SXTC,Y,,
MRAM,SXTP,Y,,
MRBK,SXTPW,Y,,
MRC,SY,Y,,
MRCC,SYBT,Y,,
MRCY,SYBX,Y,,
MREO,SYM,Y,,
MRIN,SYNA,Y,,
MRK,SYPR,Y,,
MRKR,SYRA,Y,,
MRM,SYRE,Y,,
MRNA,SYRS,Y,,
MRNO,SYT,Y,,
MRNOW,SYTA,Y,,
MRNS,SYTAW,Y,,
MRSN,TACT,Y,,
MRT,TAIT,Y,,
MRTN,TALK,Y,,
MRUS,TALKW,Y,,
MRVI,TANH,Y,,
MRVL,TAOP,Y,,
MRX,TARA,Y,,
MS,TARK,Y,,
MS^A,TARS,Y,,
MS^E,TASK,Y,,
MS^F,TATT,Y,,
MS^I,TAVI,Y,,
MS^K,TAVIR,Y,,
MS^L,TAVIU,Y,,
MS^O,TAX,Y,,
MS^P,TAXE,Y,,
MS^Q,TAYD,Y,,
MSA,TBBK,Y,,
MSAI,TBCH,Y,,
MSAIW,TBIL,Y,,
MSB,TBLA,Y,,
MSBI,TBLAW,Y,,
MSBIP,TBLD,Y,,
MSC,TBMC,Y,,
MSCI,TBMCR,Y,,
MSD,TBNK,Y,,
MSDL,TBPH,Y,,
MSEX,TBRG,Y,,
MSFT,TC,Y,,
MSGE,TCBI,Y,,
MSGM,TCBIO,Y,,
MSGS,TCBK,Y,,
MSI,TCBP,Y,,
MSM,TCBPW,Y,,
MSN,TCBS,Y,,
MSPR,TCBX,Y,,
MSPRW,TCHI,Y,,
MSPRZ,TCMD,Y,,
MSS,TCOM,Y,,
MSSA,TCPC,Y,,
MSSAR,TCRT,Y,,
MSSAU,TCRX,Y,,
MSSAW,TCTM,Y,,
MSTR,TCX,Y,,
MSW,TDACU,Y,,
MT,TDI,Y,,
MTA,TDIV,Y,,
MTAL,TDSB,Y,,
MTB,TDSC,Y,,
MTB^H,TDTH,Y,,
MTB^J,TDUP,Y,,
MTC,TEAM,Y,,
MTCH,TECH,Y,,
MTD,TECTP,Y,,
MTDR,TECX,Y,,
MTEK,TEKX,Y,,
MTEKW,TELA,Y,,
MTEN,TELO,Y,,
MTEX,TEM,Y,,
MTG,TENB,Y,,
MTH,TENX,Y,,
MTLS,TER,Y,,
MTN,TERN,Y,,
MTNB,TFIN,Y,,
MTR,TFINP,Y,,
MTRN,TFSL,Y,,
MTRX,TGL,Y,,
MTSI,TGTX,Y,,
MTTR,TH,Y,,
MTUS,THAR,Y,,
MTVA,THCH,Y,,
MTW,THFF,Y,,
MTX,THRD,Y,,
MTZ,THRM,Y,,
MU,THRY,Y,,
MUA,THTX,Y,,
MUC,TIGO,Y,,
MUE,TIGR,Y,,
MUFG,TIL,Y,,
MUI,TILE,Y,,
MUJ,TIPT,Y,,
MULN,TIRX,Y,,
MUR,TITN,Y,,
MURA,TIVC,Y,,
MUSA,TKLF,Y,,
MUX,TKNO,Y,,
MVBF,TLF,Y,,
MVF,TLN,Y,,
MVIS,TLPH,Y,,
MVO,TLRY,Y,,
MVST,TLS,Y,,
MVSTW,TLSA,Y,,
MVT,TLSI,Y,,
MWA,TLSIW,Y,,
MWG,TLT,Y,,
MX,TLTM,Y,,
MXC,TLTQ,Y,,
MXCT,TLX,Y,,
MXE,TMC,Y,,
MXF,TMCI,Y,,
MXL,TMCWW,Y,,
MYD,TMDX,Y,,
MYE,TMET,Y,,
MYFW,TMUS,Y,,
MYGN,TNDM,Y,,
MYI,TNFA,Y,,
MYN,TNGX,Y,,
MYNA,TNMG,Y,,
MYND,TNON,Y,,
MYNZ,TNONW,Y,,
MYO,TNXP,Y,,
MYPS,TNYA,Y,,
MYPSW,TOI,Y,,
MYRG,TOIIW,Y,,
MYSZ,TOMZ,Y,,
MYTE,TOP,Y,,
NA,TORO,Y,,
NAAS,TOUR,Y,,
NABL,TOWN,Y,,
NAC,TOYO,Y,,
NAD,TPCS,Y,,
NAII,TPG,Y,,
NAK,TPGXL,Y,,
NAMI,TPIC,Y,,
NAMS,TPST,Y,,
NAMSW,TQQQ,Y,,
NAN,TRAW,Y,,
NAOV,TRDA,Y,,
NARI,TREE,Y,,
NAT,TRIB,Y,,
NATH,TRIN,Y,,
NATL,TRINI,Y,,
NATR,TRINZ,Y,,
NAUT,TRIP,Y,,
NAVI,TRMB,Y,,
NAYA,TRMD,Y,,
NAZ,TRMK,Y,,
NB,TRML,Y,,
NBB,TRNR,Y,,
NBBK,TRNS,Y,,
NBH,TROO,Y,,
NBHC,TROW,Y,,
NBIS,TRS,Y,,
NBIX,TRSG,Y,,
NBN,TRST,Y,,
NBR,TRUE,Y,,
NBTB,TRUG,Y,,
NBTX,TRUP,Y,,
NBXG,TRVG,Y,,
NBY,TRVI,Y,,
NC,TSAT,Y,,
NCA,TSBK,Y,,
NCDL,TSBX,Y,,
NCEW,TSCO,Y,,
NCI,TSDD,Y,,
NCL,TSEL,Y,,
NCLH,TSEM,Y,,
NCMI,TSHA,Y,,
NCNA,TSL,Y,,
NCNO,TSLA,Y,,
NCPL,TSLG,Y,,
NCPLW,TSLL,Y,,
NCRA,TSLQ,Y,,
NCSM,TSLR,Y,,
NCTY,TSLS,Y,,
NCV,TSLW,Y,,
NCV^A,TSMG,Y,,
NCZ,TSMU,Y,,
NCZ^A,TSMX,Y,,
NDAQ,TSMZ,Y,,
NDLS,TSPY,Y,,
NDMO,TSSI,Y,,
NDRA,TSVT,Y,,
NDSN,TSYY,Y,,
NE,TTAN,Y,,
NEA,TTD,Y,,
NECB,TTEC,Y,,
NEE,TTEK,Y,,
NEE^N,TTEQ,Y,,
NEE^R,TTGT,Y,,
NEE^S,TTMI,Y,,
NEE^T,TTNP,Y,,
NEGG,TTOO,Y,,
NEHC,TTSH,Y,,
NEHCW,TTWO,Y,,
NEM,TUG,Y,,
NEN,TUGN,Y,,
NEO,TUR,Y,,
NEOG,TURB,Y,,
NEON,TURN,Y,,
NEOV,TUSK,Y,,
NEOVW,TVGN,Y,,
NEP,TVGNW,Y,,
NEPH,TVTX,Y,,
NERV,TW,Y,,
NESR,TWFG,Y,,
NESRW,TWG,Y,,
NET,TWIN,Y,,
NETD,TWST,Y,,
NETDU,TXG,Y,,
NETDW,TXMD,Y,,
NEU,TXN,Y,,
NEUE,TXRH,Y,,
NEUP,TXSS,Y,,
NEWP,TXUE,Y,,
NEWT,TXUG,Y,,
NEWTG,TYGO,Y,,
NEWTH,TYRA,Y,,
NEWTI,TZOO,Y,,
NEWTZ,TZUP,Y,,
NEXA,UAE,Y,,
NEXN,UAL,Y,,
NEXT,UBCP,Y,,
NFBK,UBFO,Y,,
NFE,UBND,Y,,
NFG,UBRL,Y,,
NFGC,UBSI,Y,,
NFJ,UBX,Y,,
NFLX,UBXG,Y,,
NG,UCAR,Y,,
NGD,UCL,Y,,
NGG,UCRD,Y,,
NGL,UCTT,Y,,
NGL^B,UCYB,Y,,
NGL^C,UDMY,Y,,
NGNE,UEIC,Y,,
NGS,UEVM,Y,,
NGVC,UFCS,Y,,
NGVT,UFG,Y,,
NHC,UFIV,Y,,
NHI,UFO,Y,,
NHPAP,UFPI,Y,,
NHPBP,UFPT,Y,,
NHS,UG,Y,,
NHTC,UGRO,Y,,
NI,UHG,Y,,
NIC,UHGWW,Y,,
NICE,UITB,Y,,
NIE,UIVM,Y,,
NIM,UK,Y,,
NINE,UKOMW,Y,,
NIO,ULBI,Y,,
NIOBW,ULCC,Y,,
NIPG,ULH,Y,,
NISN,ULTA,Y,,
NITO,ULVM,Y,,
NIU,ULY,Y,,
NIVF,UMBF,Y,,
NIVFW,UMMA,Y,,
NIXX,UNB,Y,,
NIXXW,UNCY,Y,,
NJR,UNIT,Y,,
NKE,UNIY,Y,,
NKGN,UNTY,Y,,
NKGNW,UOKA,Y,,
NKLA,UONE,Y,,
NKSH,UONEK,Y,,
NKTR,UPB,Y,,
NKTX,UPBD,Y,,
NKX,UPC,Y,,
NL,UPGR,Y,,
NLOP,UPLD,Y,,
NLSP,UPST,Y,,
NLSPW,UPWK,Y,,
NLY,UPXI,Y,,
NLY^F,URBN,Y,,
NLY^G,URGN,Y,,
NLY^I,URNJ,Y,,
NMAI,UROY,Y,,
NMCO,USAF,Y,,
NMFC,USAU,Y,,
NMFCZ,USCB,Y,,
NMG,USCF,Y,,
NMI,USCL,Y,,
NMIH,USDX,Y,,
NML,USEA,Y,,
NMM,USEG,Y,,
NMR,USFI,Y,,
NMRA,USGO,Y,,
NMRK,USGOW,Y,,
NMS,USIG,Y,,
NMT,USIN,Y,,
NMTC,USIO,Y,,
NMZ,USLM,Y,,
NN,USMC,Y,,
NNAVW,USOI,Y,,
NNBR,USOY,Y,,
NNDM,USRD,Y,,
NNE,USSH,Y,,
NNI,USTB,Y,,
NNN,USVM,Y,,
NNOX,USVN,Y,,
NNVC,USXF,Y,,
NNY,UTEN,Y,,
NOA,UTHR,Y,,
NOAH,UTHY,Y,,
NOC,UTMD,Y,,
NODK,UTRE,Y,,
NOEM,UTSI,Y,,
NOEMR,UTWO,Y,,
NOEMU,UTWY,Y,,
NOEMW,UVSP,Y,,
NOG,UXIN,Y,,
NOK,UYLD,Y,,
NOM,VABK,Y,,
NOMD,VACH,Y,,
NOTE,VACHU,Y,,
NOTV,VACHW,Y,,
NOV,VALN,Y,,
NOVA,VALU,Y,,
NOVT,VANI,Y,,
NOW,VBFC,Y,,
NPCE,VBNK,Y,,
NPCT,VBTX,Y,,
NPFD,VC,Y,,
NPK,VCEL,Y,,
NPKI,VCIC,Y,,
NPO,VCICU,Y,,
NPV,VCICW,Y,,
NPWR,VCIG,Y,,
NQP,VCIT,Y,,
NRC,VCLT,Y,,
NRDS,VCRB,Y,,
NRDY,VCSA,Y,,
NREF,VCSH,Y,,
NREF^A,VCTR,Y,,
NRG,VCYT,Y,,
NRGV,VECO,Y,,
NRIM,VEEA,Y,,
NRIX,VEEAW,Y,,
NRK,VEEE,Y,,
NRO,VEON,Y,,
NRP,VERA,Y,,
NRSN,VERB,Y,,
NRSNW,VERI,Y,,
NRT,VERO,Y,,
NRUC,VERU,Y,,
NRXP,VERV,Y,,
NRXPW,VERX,Y,,
NRXS,VFF,Y,,
NSA,VFLO,Y,,
NSA^A,VFS,Y,,
NSA^B,VFSWW,Y,,
NSC,VGAS,Y,,
NSIT,VGASW,Y,,
NSP,VGIT,Y,,
NSPR,VGLT,Y,,
NSSC,VGSH,Y,,
NSTS,VGSR,Y,,
NSYS,VIASP,Y,,
NTAP,VIAV,Y,,
NTB,VICR,Y,,
NTCL,VIGI,Y,,
NTCT,VIGL,Y,,
NTES,VINC,Y,,
NTGR,VINP,Y,,
NTIC,VIOT,Y,,
NTIP,VIR,Y,,
NTLA,VIRC,Y,,
NTNX,VIRT,Y,,
NTR,VIRX,Y,,
NTRA,VISL,Y,,
NTRB,VITL,Y,,
NTRBW,VIVK,Y,,
NTRP,VKTX,Y,,
NTRS,VLCN,Y,,
NTRSO,VLGEA,Y,,
NTST,VLY,Y,,
NTWK,VLYPN,Y,,
NTWO,VLYPO,Y,,
NTWOU,VLYPP,Y,,
NTWOW,VMAR,Y,,
NTZ,VMBS,Y,,
NU,VMCA,Y,,
NUE,VMCAU,Y,,
NUKK,VMCAW,Y,,
NUKKW,VMD,Y,,
NURO,VMEO,Y,,
NUS,VMOT,Y,,
NUTX,VNDA,Y,,
NUV,VNET,Y,,
NUVB,VNOM,Y,,
NUVL,VNQI,Y,,
NUW,VOD,Y,,
NUWE,VOLT,Y,,
NVA,VONE,Y,,
NVAWW,VONG,Y,,
NVAX,VONV,Y,,
NVCR,VOR,Y,,
NVCT,VOXR,Y,,
NVDA,VOXX,Y,,
NVEC,VPLS,Y,,
NVEE,VRA,Y,,
NVFY,VRAR,Y,,
NVG,VRAX,Y,,
NVGS,VRCA,Y,,
NVMI,VRDN,Y,,
NVNI,VREX,Y,,
NVNIW,VRIG,Y,,
NVNO,VRME,Y,,
NVO,VRMEW,Y,,
NVR,VRNA,Y,,
NVRI,VRNS,Y,,
NVRO,VRNT,Y,,
NVS,VRPX,Y,,
NVST,VRRM,Y,,
NVT,VRSK,Y,,
NVTS,VRSN,Y,,
NVVE,VRTX,Y,,
NVVEW,VS,Y,,
NVX,VSAT,Y,,
NWBI,VSDA,Y,,
NWE,VSEC,Y,,
NWFL,VSEE,Y,,
NWG,VSEEW,Y,,
NWGL,VSME,Y,,
NWL,VSMV,Y,,
NWN,VSSYW,Y,,
NWPX,VSTA,Y,,
NWS,VSTE,Y,,
NWSA,VSTEW,Y,,
NWTN,VSTM,Y,,
NWTNW,VTC,Y,,
NX,VTGN,Y,,
NXC,VTHR,Y,,
NXDT,VTIP,Y,,
NXDT^A,VTRS,Y,,
NXE,VTSI,Y,,
NXG,VTVT,Y,,
NXGL,VTWG,Y,,
NXGLW,VTWO,Y,,
NXJ,VTWV,Y,,
NXL,VTYX,Y,,
NXLIW,VUZI,Y,,
NXN,VVOS,Y,,
NXP,VVPR,Y,,
NXPI,VWOB,Y,,
NXPL,VXRT,Y,,
NXPLW,VXUS,Y,,
NXRT,VYGR,Y,,
NXST,VYMI,Y,,
NXT,VYNE,Y,,
NXTC,WABC,Y,,
NXTT,WABF,Y,,
NXU,WAFD,Y,,
NYAX,WAFDP,Y,,
NYC,WAFU,Y,,
NYMT,WAI,Y,,
NYMTG,WALD,Y,,
NYMTI,WALDW,Y,,
NYMTL,WASH,Y,,
NYMTM,WATT,Y,,
NYMTN,WAVE,Y,,
NYMTZ,WAY,Y,,
NYT,WB,Y,,
NYXH,WBA,Y,,
NZF,WBD,Y,,
O,WBND,Y,,
OABI,WBTN,Y,,
OABIW,WBUY,Y,,
OACC,WCBR,Y,,
OACCU,WCLD,Y,,
OACCW,WCT,Y,,
OAK^A,WDAY,Y,,
OAK^B,WDC,Y,,
OAKU,WDFC,Y,,
OAKUR,WEEI,Y,,
OAKUW,WEN,Y,,
OB,WERN,Y,,
OBDC,WEST,Y,,
OBE,WETH,Y,,
OBIO,WEYS,Y,,
OBK,WFCF,Y,,
OBLG,WFRD,Y,,
OBT,WGMI,Y,,
OC,WGS,Y,,
OCC,WGSWW,Y,,
OCCI,WHF,Y,,
OCCIM,WHFCL,Y,,
OCCIN,WHLR,Y,,
OCCIO,WHLRD,Y,,
OCEA,WHLRL,Y,,
OCEAW,WHLRP,Y,,
OCFC,WILC,Y,,
OCFCP,WIMI,Y,,
OCFT,WINA,Y,,
OCG,WINC,Y,,
OCGN,WING,Y,,
OCS,WINT,Y,,
OCSAW,WINV,Y,,
OCSL,WINVR,Y,,
OCTO,WINVU,Y,,
OCUL,WINVW,Y,,
OCX,WISA,Y,,
ODC,WISE,Y,,
ODD,WIX,Y,,
ODFL,WKEY,Y,,
ODP,WKHS,Y,,
ODV,WKSP,Y,,
ODVWZ,WLAC,Y,,
OEC,WLACU,Y,,
OESX,WLACW,Y,,
OFG,WLDN,Y,,
OFIX,WLDS,Y,,
OFLX,WLDSW,Y,,
OFS,WLFC,Y,,
OFSSH,WLGS,Y,,
OGE,WMG,Y,,
OGEN,WMPN,Y,,
OGI,WNDY,Y,,
OGN,WNEB,Y,,
OGS,WNW,Y,,
OHI,WOK,Y,,
OI,WOOD,Y,,
OIA,WOOF,Y,,
OII,WORX,Y,,
OIS,WPRT,Y,,
OKE,WRAP,Y,,
OKLO,WRD,Y,,
OKTA,WRLD,Y,,
OKUR,WRND,Y,,
OKYO,WSBC,Y,,
OLB,WSBCP,Y,,
OLED,WSBF,Y,,
OLLI,WSC,Y,,
OLMA,WSFS,Y,,
OLN,WTBA,Y,,
OLO,WTBN,Y,,
OLP,WTFC,Y,,
OLPX,WTFCM,Y,,
OM,WTFCP,Y,,
OMAB,WTO,Y,,
OMC,WTW,Y,,
OMCC,WULF,Y,,
OMCL,WVE,Y,,
OMER,WVVI,Y,,
OMEX,WVVIP,Y,,
OMF,WW,Y,,
OMGA,WWD,Y,,
OMH,WYHG,Y,,
OMI,WYNN,Y,,
OMIC,XAIR,Y,,
ON,XAIX,Y,,
ONB,XBIL,Y,,
ONBPO,XBIO,Y,,
ONBPP,XBIT,Y,,
ONC,XBP,Y,,
ONCO,XBPEW,Y,,
ONCY,XCH,Y,,
ONDS,XCNY,Y,,
ONEG,XCUR,Y,,
ONEW,XEL,Y,,
ONFO,XELB,Y,,
ONFOW,XENE,Y,,
ONIT,XERS,Y,,
ONL,XFIX,Y,,
ONMD,XFOR,Y,,
ONON,XGN,Y,,
ONTF,XHG,Y,,
ONTO,XLO,Y,,
ONVO,XMAG,Y,,
OOMA,XMTR,Y,,
OP,XNCR,Y,,
OPAD,XNET,Y,,
OPAL,XOMA,Y,,
OPBK,XOMAO,Y,,
OPCH,XOMAP,Y,,
OPEN,XOS,Y,,
OPFI,XOSWW,Y,,
OPHC,XOVR,Y,,
OPI,XP,Y,,
OPINL,XPEL,Y,,
OPK,XPON,Y,,
OPOF,XRAY,Y,,
OPP,XRTX,Y,,
OPP^A,XRX,Y,,
OPP^B,XT,Y,,
OPP^C,XTIA,Y,,
OPRA,XTKG,Y,,
OPRT,XTLB,Y,,
OPRX,XWEL,Y,,
OPT,XXII,Y,,
OPTN,XYLO,Y,,
OPTT,YAAS,Y,,
OPTX,YGMZ,Y,,
OPTXW,YHC,Y,,
OPXS,YHGJ,Y,,
OPY,YHNA,Y,,
OR,YHNAR,Y,,
ORA,YHNAU,Y,,
ORC,YI,Y,,
ORCL,YIBO,Y,,
ORGN,YJ,Y,,
ORGNW,YLDE,Y,,
ORGO,YMAB,Y,,
ORI,YORW,Y,,
ORIC,YOSH,Y,,
ORIS,YOTA,Y,,
ORKA,YOTAR,Y,,
ORKT,YOTAU,Y,,
ORLA,YOTAW,Y,,
ORLY,YQ,Y,,
ORMP,YQQQ,Y,,
ORN,YSXT,Y,,
ORRF,YTRA,Y,,
OS,YXT,Y,,
OSBC,YY,Y,,
OSCR,YYAI,Y,,
OSIS,YYGH,Y,,
OSK,Z,Y,,
OSPN,ZAP,Y,,
OSS,ZAPP,Y,,
OST,ZAPPW,Y,,
OSTX,ZAZZT,Y,,
OSUR,ZBAI,Y,,
OSW,ZBAO,Y,,
OTEX,ZBIO,Y,,
OTIS,ZBRA,Y,,
OTLK,ZBZZT,Y,,
OTLY,ZCAR,Y,,
OTRK,ZCARW,Y,,
OTTR,ZCMD,Y,,
OUST,ZCZZT,Y,,
OUSTW,ZD,Y,,
OUSTZ,ZENA,Y,,
OUT,ZENV,Y,,
OVBC,ZEO,Y,,
OVID,ZEOWW,Y,,
OVLY,ZEUS,Y,,
OVV,ZG,Y,,
OWL,ZI,Y,,
OWLT,ZIMV,Y,,
OXBR,ZION,Y,,
OXBRW,ZIONP,Y,,
OXLC,ZJK,Y,,
OXLCI,ZJYL,Y,,
OXLCL,ZJZZT,Y,,
OXLCN,ZKIN,Y,,
OXLCO,ZLAB,Y,,
OXLCP,ZM,Y,,
OXLCZ,ZNTL,Y,,
OXM,ZOOZ,Y,,
OXSQ,ZOOZW,Y,,
OXSQG,ZS,Y,,
OXSQZ,ZSPC,Y,,
OXY,ZTEK,Y,,
OZ,ZTEN,Y,,
OZK,ZTRE,Y,,
OZKAP,ZTWO,Y,,
PAA,ZUMZ,Y,,
PAAS,ZURA,Y,,
PAC,ZVRA,Y,,
PACB,ZVSA,Y,,
PACK,ZVZZT,Y,,
PACS,ZWZZT,Y,,
PAG,ZXYZ.A,Y,,
PAGP,ZXZZT,Y,,
PAGS,ZYBT,Y,,
PAHC,ZYME,Y,,
PAI,ZYXI,Y,,
PAL,ZZZ,Y,,
PALI,File Creation Time: 0124202521:31,Y,,
PAM,,Y,,
PAMT,,Y,,
PANL,,Y,,
PANW,,Y,,
PAPL,,Y,,
PAR,,Y,,
PARA,,Y,,
PARAA,,Y,,
PARR,,Y,,
PASG,,Y,,
PATH,,Y,,
PATK,,Y,,
PAVM,,Y,,
PAVMZ,,Y,,
PAVS,,Y,,
PAX,,Y,,
PAXS,,Y,,
PAY,,Y,,
PAYC,,Y,,
PAYO,,Y,,
PAYS,,Y,,
PAYX,,Y,,
PB,,Y,,
PBA,,Y,,
PBBK,,Y,,
PBF,,Y,,
PBFS,,Y,,
PBH,,Y,,
PBHC,,Y,,
PBI,,Y,,
PBI^B,,Y,,
PBM,,Y,,
PBMWW,,Y,,
PBPB,,Y,,
PBR,,Y,,
PBT,,Y,,
PBYI,,Y,,
PC,,Y,,
PCAR,,Y,,
PCB,,Y,,
PCF,,Y,,
PCG,,Y,,
PCG^A,,Y,,
PCG^B,,Y,,
PCG^C,,Y,,
PCG^D,,Y,,
PCG^E,,Y,,
PCG^G,,Y,,
PCG^H,,Y,,
PCG^I,,Y,,
PCG^X,,Y,,
PCH,,Y,,
PCK,,Y,,
PCLA,,Y,,
PCM,,Y,,
PCN,,Y,,
PCOR,,Y,,
PCQ,,Y,,
PCRX,,Y,,
PCSA,,Y,,
PCSC,,Y,,
PCT,,Y,,
PCTTW,,Y,,
PCTY,,Y,,
PCVX,,Y,,
PCYO,,Y,,
PD,,Y,,
PDCC,,Y,,
PDCO,,Y,,
PDD,,Y,,
PDEX,,Y,,
PDFS,,Y,,
PDI,,Y,,
PDLB,,Y,,
PDM,,Y,,
PDO,,Y,,
PDPA,,Y,,
PDS,,Y,,
PDSB,,Y,,
PDT,,Y,,
PDX,,Y,,
PDYN,,Y,,
PDYNW,,Y,,
PEB,,Y,,
PEB^E,,Y,,
PEB^F,,Y,,
PEB^G,,Y,,
PEB^H,,Y,,
PEBK,,Y,,
PEBO,,Y,,
PECO,,Y,,
PED,,Y,,
PEG,,Y,,
PEGA,,Y,,
PEN,,Y,,
PENG,,Y,,
PENN,,Y,,
PEO,,Y,,
PEP,,Y,,
PEPG,,Y,,
PERF,,Y,,
PERI,,Y,,
PESI,,Y,,
PET,,Y,,
PETS,,Y,,
PETWW,,Y,,
PETZ,,Y,,
PEV,,Y,,
PFBC,,Y,,
PFC,,Y,,
PFD,,Y,,
PFE,,Y,,
PFG,,Y,,
PFGC,,Y,,
PFH,,Y,,
PFIS,,Y,,
PFL,,Y,,
PFLT,,Y,,
PFN,,Y,,
PFO,,Y,,
PFS,,Y,,
PFSI,,Y,,
PFX,,Y,,
PFXNZ,,Y,,
PG,,Y,,
PGC,,Y,,
PGEN,,Y,,
PGHL,,Y,,
PGNY,,Y,,
PGP,,Y,,
PGR,,Y,,
PGRE,,Y,,
PGY,,Y,,
PGYWW,,Y,,
PGZ,,Y,,
PH,,Y,,
PHAR,,Y,,
PHAT,,Y,,
PHD,,Y,,
PHG,,Y,,
PHGE,,Y,,
PHH,,Y,,
PHI,,Y,,
PHIN,,Y,,
PHIO,,Y,,
PHK,,Y,,
PHLT,,Y,,
PHM,,Y,,
PHR,,Y,,
PHT,,Y,,
PHUN,,Y,,
PHVS,,Y,,
PHX,,Y,,
PI,,Y,,
PII,,Y,,
PIII,,Y,,
PIIIW,,Y,,
PIM,,Y,,
PINC,,Y,,
PINE,,Y,,
PINS,,Y,,
PIPR,,Y,,
PITA,,Y,,
PJT,,Y,,
PK,,Y,,
PKBK,,Y,,
PKE,,Y,,
PKG,,Y,,
PKOH,,Y,,
PKST,,Y,,
PKX,,Y,,
PL,,Y,,
PLAB,,Y,,
PLAG,,Y,,
PLAO,,Y,,
PLAY,,Y,,
PLBC,,Y,,
PLBY,,Y,,
PLCE,,Y,,
PLD,,Y,,
PLG,,Y,,
PLL,,Y,,
PLMJ,,Y,,
PLMJU,,Y,,
PLMJW,,Y,,
PLMKU,,Y,,
PLMR,,Y,,
PLNT,,Y,,
PLOW,,Y,,
PLPC,,Y,,
PLRX,,Y,,
PLRZ,,Y,,
PLSE,,Y,,
PLTK,,Y,,
PLTR,,Y,,
PLUG,,Y,,
PLUR,,Y,,
PLUS,,Y,,
PLX,,Y,,
PLXS,,Y,,
PLYA,,Y,,
PLYM,,Y,,
PM,,Y,,
PMAX,,Y,,
PMCB,,Y,,
PMEC,,Y,,
PMF,,Y,,
PML,,Y,,
PMM,,Y,,
PMN,,Y,,
PMNT,,Y,,
PMO,,Y,,
PMT,,Y,,
PMT^A,,Y,,
PMT^B,,Y,,
PMT^C,,Y,,
PMTS,,Y,,
PMTU,,Y,,
PMVP,,Y,,
PMX,,Y,,
PNBK,,Y,,
PNC,,Y,,
PNF,,Y,,
PNFP,,Y,,
PNFPP,,Y,,
PNI,,Y,,
PNNT,,Y,,
PNR,,Y,,
PNRG,,Y,,
PNST,,Y,,
PNTG,,Y,,
PNW,,Y,,
POAI,,Y,,
POCI,,Y,,
PODC,,Y,,
PODD,,Y,,
POET,,Y,,
POLA,,Y,,
POLE,,Y,,
POLEU,,Y,,
POLEW,,Y,,
PONY,,Y,,
POOL,,Y,,
POR,,Y,,
POST,,Y,,
POWI,,Y,,
POWL,,Y,,
POWW,,Y,,
POWWP,,Y,,
PPBI,,Y,,
PPBT,,Y,,
PPC,,Y,,
PPG,,Y,,
PPIH,,Y,,
PPL,,Y,,
PPSI,,Y,,
PPT,,Y,,
PPTA,,Y,,
PR,,Y,,
PRA,,Y,,
PRAA,,Y,,
PRAX,,Y,,
PRCH,,Y,,
PRCT,,Y,,
PRDO,,Y,,
PRE,,Y,,
PRENW,,Y,,
PRFX,,Y,,
PRG,,Y,,
PRGO,,Y,,
PRGS,,Y,,
PRH,,Y,,
PRI,,Y,,
PRIF^D,,Y,,
PRIF^F,,Y,,
PRIF^H,,Y,,
PRIF^I,,Y,,
PRIF^J,,Y,,
PRIF^K,,Y,,
PRIF^L,,Y,,
PRIM,,Y,,
PRK,,Y,,
PRKS,,Y,,
PRLB,,Y,,
PRLD,,Y,,
PRM,,Y,,
PRMB,,Y,,
PRME,,Y,,
PRO,,Y,,
PROC,,Y,,
PROCW,,Y,,
PROF,,Y,,
PROK,,Y,,
PROP,,Y,,
PROV,,Y,,
PRPH,,Y,,
PRPL,,Y,,
PRPO,,Y,,
PRQR,,Y,,
PRS,,Y,,
PRSO,,Y,,
PRSU,,Y,,
PRT,,Y,,
PRTA,,Y,,
PRTC,,Y,,
PRTG,,Y,,
PRTH,,Y,,
PRTS,,Y,,
PRU,,Y,,
PRVA,,Y,,
PRZO,,Y,,
PSA,,Y,,
PSA^F,,Y,,
PSA^G,,Y,,
PSA^H,,Y,,
PSA^I,,Y,,
PSA^J,,Y,,
PSA^K,,Y,,
PSA^L,,Y,,
PSA^M,,Y,,
PSA^N,,Y,,
PSA^O,,Y,,
PSA^P,,Y,,
PSA^Q,,Y,,
PSA^R,,Y,,
PSA^S,,Y,,
PSBD,,Y,,
PSEC,,Y,,
PSEC^A,,Y,,
PSF,,Y,,
PSFE,,Y,,
PSHG,,Y,,
PSIG,,Y,,
PSIX,,Y,,
PSMT,,Y,,
PSN,,Y,,
PSNL,,Y,,
PSNY,,Y,,
PSNYW,,Y,,
PSO,,Y,,
PSQH,,Y,,
PSTG,,Y,,
PSTL,,Y,,
PSTV,,Y,,
PSX,,Y,,
PT,,Y,,
PTA,,Y,,
PTC,,Y,,
PTCT,,Y,,
PTEN,,Y,,
PTGX,,Y,,
PTHL,,Y,,
PTIX,,Y,,
PTLE,,Y,,
PTLO,,Y,,
PTMN,,Y,,
PTN,,Y,,
PTON,,Y,,
PTPI,,Y,,
PTVE,,Y,,
PTY,,Y,,
PUBM,,Y,,
PUK,,Y,,
PULM,,Y,,
PUMP,,Y,,
PVBC,,Y,,
PVH,,Y,,
PVL,,Y,,
PVLA,,Y,,
PW,,Y,,
PW^A,,Y,,
PWM,,Y,,
PWOD,,Y,,
PWP,,Y,,
PWR,,Y,,
PWUP,,Y,,
PWUPU,,Y,,
PWUPW,,Y,,
PX,,Y,,
PXLW,,Y,,
PXS,,Y,,
PXSAW,,Y,,
PYCR,,Y,,
PYN,,Y,,
PYPD,,Y,,
PYPL,,Y,,
PYT,,Y,,
PYXS,,Y,,
PZC,,Y,,
PZG,,Y,,
PZZA,,Y,,
QBTS,,Y,,
QCOM,,Y,,
QCRH,,Y,,
QD,,Y,,
QDEL,,Y,,
QETA,,Y,,
QETAR,,Y,,
QETAU,,Y,,
QFIN,,Y,,
QGEN,,Y,,
QH,,Y,,
QIPT,,Y,,
QLGN,,Y,,
QLYS,,Y,,
QMCO,,Y,,
QMMM,,Y,,
QNCX,,Y,,
QNRX,,Y,,
QNST,,Y,,
QNTM,,Y,,
QQQX,,Y,,
QRHC,,Y,,
QRTEA,,Y,,
QRTEB,,Y,,
QRTEP,,Y,,
QRVO,,Y,,
QS,,Y,,
QSG,,Y,,
QSI,,Y,,
QSIAW,,Y,,
QSR,,Y,,
QTI,,Y,,
QTRX,,Y,,
QTTB,,Y,,
QTWO,,Y,,
QUAD,,Y,,
QUBT,,Y,,
QUIK,,Y,,
QURE,,Y,,
QVCC,,Y,,
QVCD,,Y,,
QXO,,Y,,
R,,Y,,
RA,,Y,,
RACE,,Y,,
RADX,,Y,,
RAIL,,Y,,
RAIN,,Y,,
RAINW,,Y,,
RAMP,,Y,,
RAND,,Y,,
RANG,,Y,,
RANGR,,Y,,
RANGU,,Y,,
RANI,,Y,,
RAPP,,Y,,
RAPT,,Y,,
RARE,,Y,,
RAVE,,Y,,
RAY,,Y,,
RAYA,,Y,,
RBA,,Y,,
RBB,,Y,,
RBBN,,Y,,
RBC,,Y,,
RBCAA,,Y,,
RBKB,,Y,,
RBLX,,Y,,
RBOT,,Y,,
RBRK,,Y,,
RC,,Y,,
RC^C,,Y,,
RC^E,,Y,,
RCAT,,Y,,
RCB,,Y,,
RCC,,Y,,
RCD,,Y,,
RCEL,,Y,,
RCG,,Y,,
RCI,,Y,,
RCKT,,Y,,
RCKTW,,Y,,
RCKY,,Y,,
RCL,,Y,,
RCMT,,Y,,
RCON,,Y,,
RCS,,Y,,
RCUS,,Y,,
RDAC,,Y,,
RDACR,,Y,,
RDCM,,Y,,
RDDT,,Y,,
RDFN,,Y,,
RDHL,,Y,,
RDI,,Y,,
RDIB,,Y,,
RDN,,Y,,
RDNT,,Y,,
RDUS,,Y,,
RDVT,,Y,,
RDW,,Y,,
RDWR,,Y,,
RDY,,Y,,
RDZN,,Y,,
RDZNW,,Y,,
REAL,,Y,,
REAX,,Y,,
REBN,,Y,,
RECT,,Y,,
REE,,Y,,
REFI,,Y,,
REFR,,Y,,
REG,,Y,,
REGCO,,Y,,
REGCP,,Y,,
REGN,,Y,,
REI,,Y,,
REKR,,Y,,
RELI,,Y,,
RELIW,,Y,,
RELL,,Y,,
RELX,,Y,,
RELY,,Y,,
RENB,,Y,,
RENE,,Y,,
RENEU,,Y,,
RENEW,,Y,,
RENT,,Y,,
REPL,,Y,,
REPX,,Y,,
RERE,,Y,,
RES,,Y,,
RETO,,Y,,
REVB,,Y,,
REVBW,,Y,,
REVG,,Y,,
REX,,Y,,
REXR,,Y,,
REXR^B,,Y,,
REXR^C,,Y,,
REYN,,Y,,
REZI,,Y,,
RF,,Y,,
RF^C,,Y,,
RF^E,,Y,,
RF^F,,Y,,
RFAC,,Y,,
RFACR,,Y,,
RFACU,,Y,,
RFACW,,Y,,
RFAI,,Y,,
RFAIR,,Y,,
RFI,,Y,,
RFIL,,Y,,
RFL,,Y,,
RFM,,Y,,
RFMZ,,Y,,
RGA,,Y,,
RGC,,Y,,
RGCO,,Y,,
RGEN,,Y,,
RGLD,,Y,,
RGLS,,Y,,
RGNX,,Y,,
RGP,,Y,,
RGR,,Y,,
RGS,,Y,,
RGT,,Y,,
RGTI,,Y,,
RGTIW,,Y,,
RH,,Y,,
RHE,,Y,,
RHE^A,,Y,,
RHI,,Y,,
RHP,,Y,,
RIBBU,,Y,,
RICK,,Y,,
RIG,,Y,,
RIGL,,Y,,
RILY,,Y,,
RILYG,,Y,,
RILYK,,Y,,
RILYL,,Y,,
RILYM,,Y,,
RILYN,,Y,,
RILYP,,Y,,
RILYT,,Y,,
RILYZ,,Y,,
RIME,,Y,,
RIO,,Y,,
RIOT,,Y,,
RITM,,Y,,
RITM^A,,Y,,
RITM^B,,Y,,
RITM^C,,Y,,
RITM^D,,Y,,
RITR,,Y,,
RIV,,Y,,
RIV^A,,Y,,
RIVN,,Y,,
RJF,,Y,,
RJF^B,,Y,,
RKDA,,Y,,
RKLB,,Y,,
RKT,,Y,,
RL,,Y,,
RLAY,,Y,,
RLGT,,Y,,
RLI,,Y,,
RLJ,,Y,,
RLJ^A,,Y,,
RLMD,,Y,,
RLTY,,Y,,
RLX,,Y,,
RLYB,,Y,,
RM,,Y,,
RMAX,,Y,,
RMBI,,Y,,
RMBL,,Y,,
RMBS,,Y,,
RMCF,,Y,,
RMCO,,Y,,
RMCOW,,Y,,
RMD,,Y,,
RMI,,Y,,
RMM,,Y,,
RMMZ,,Y,,
RMNI,,Y,,
RMR,,Y,,
RMSG,,Y,,
RMSGW,,Y,,
RMT,,Y,,
RMTI,,Y,,
RNA,,Y,,
RNAC,,Y,,
RNAZ,,Y,,
RNG,,Y,,
RNGR,,Y,,
RNP,,Y,,
RNR,,Y,,
RNR^F,,Y,,
RNR^G,,Y,,
RNST,,Y,,
RNTX,,Y,,
RNW,,Y,,
RNWWW,,Y,,
RNXT,,Y,,
ROAD,,Y,,
ROCK,,Y,,
ROG,,Y,,
ROIC,,Y,,
ROIV,,Y,,
ROK,,Y,,
ROKU,,Y,,
ROL,,Y,,
ROLR,,Y,,
ROMA,,Y,,
ROOT,,Y,,
ROP,,Y,,
ROST,,Y,,
RPAY,,Y,,
RPD,,Y,,
RPID,,Y,,
RPM,,Y,,
RPRX,,Y,,
RPT,,Y,,
RPTX,,Y,,
RQI,,Y,,
RR,,Y,,
RRBI,,Y,,
RRC,,Y,,
RRGB,,Y,,
RRR,,Y,,
RRX,,Y,,
RS,,Y,,
RSF,,Y,,
RSG,,Y,,
RSI,,Y,,
RSKD,,Y,,
RSLS,,Y,,
RSSS,,Y,,
RSVR,,Y,,
RSVRW,,Y,,
RTC,,Y,,
RTO,,Y,,
RTX,,Y,,
RUM,,Y,,
RUMBW,,Y,,
RUN,,Y,,
RUSHA,,Y,,
RUSHB,,Y,,
RVLV,,Y,,
RVMD,,Y,,
RVMDW,,Y,,
RVNC,,Y,,
RVP,,Y,,
RVPH,,Y,,
RVPHW,,Y,,
RVSB,,Y,,
RVSN,,Y,,
RVSNW,,Y,,
RVT,,Y,,
RVTY,,Y,,
RVYL,,Y,,
RWAY,,Y,,
RWAYL,,Y,,
RWAYZ,,Y,,
RWT,,Y,,
RWT^A,,Y,,
RWTN,,Y,,
RWTO,,Y,,
RXO,,Y,,
RXRX,,Y,,
RXST,,Y,,
RXT,,Y,,
RY,,Y,,
RYAAY,,Y,,
RYAM,,Y,,
RYAN,,Y,,
RYDE,,Y,,
RYI,,Y,,
RYN,,Y,,
RYTM,,Y,,
RZB,,Y,,
RZC,,Y,,
RZLT,,Y,,
RZLV,,Y,,
RZLVW,,Y,,
S,,Y,,
SA,,Y,,
SABA,,Y,,
SABR,,Y,,
SABS,,Y,,
SABSW,,Y,,
SACH,,Y,,
SACH^A,,Y,,
SAFE,,Y,,
SAFT,,Y,,
SAG,,Y,,
SAGE,,Y,,
SAH,,Y,,
SAIA,,Y,,
SAIC,,Y,,
SAIH,,Y,,
SAIHW,,Y,,
SAJ,,Y,,
SAM,,Y,,
SAMG,,Y,,
SAN,,Y,,
SANA,,Y,,
SAND          ,,Y,,
SANG,,Y,,
SANM,,Y,,
SANW,,Y,,
SAP,,Y,,
SAR,,Y,,
SARO,,Y,,
SASR,,Y,,
SAT,,Y,,
SATL,,Y,,
SATLW,,Y,,
SATS,,Y,,
SATX,,Y,,
SAVA,,Y,,
SAY,,Y,,
SAZ,,Y,,
SB,,Y,,
SB^C,,Y,,
SB^D,,Y,,
SBAC,,Y,,
SBBA,,Y,,
SBC,,Y,,
SBCF,,Y,,
SBCWW,,Y,,
SBET,,Y,,
SBEV,,Y,,
SBFG,,Y,,
SBFM,,Y,,
SBFMW,,Y,,
SBGI,,Y,,
SBH,,Y,,
SBI,,Y,,
SBLK,,Y,,
SBR,,Y,,
SBRA,,Y,,
SBS,,Y,,
SBSI,,Y,,
SBSW,,Y,,
SBT,,Y,,
SBUX,,Y,,
SBXD,,Y,,
SCCC,,Y,,
SCCD,,Y,,
SCCE,,Y,,
SCCF,,Y,,
SCCG,,Y,,
SCCO,,Y,,
SCD,,Y,,
SCE^G,,Y,,
SCE^J,,Y,,
SCE^K,,Y,,
SCE^L,,Y,,
SCE^M,,Y,,
SCE^N,,Y,,
SCHL,,Y,,
SCHW,,Y,,
SCHW^D,,Y,,
SCHW^J,,Y,,
SCI,,Y,,
SCKT,,Y,,
SCL,,Y,,
SCLX,,Y,,
SCLXW,,Y,,
SCM,,Y,,
SCNI,,Y,,
SCNX,,Y,,
SCOR,,Y,,
SCPH,,Y,,
SCPX,,Y,,
SCS,,Y,,
SCSC,,Y,,
SCVL,,Y,,
SCWO,,Y,,
SCWX,,Y,,
SCYX,,Y,,
SD,,Y,,
SDA,,Y,,
SDAWW,,Y,,
SDGR,,Y,,
SDHC,,Y,,
SDHY,,Y,,
SDIG,,Y,,
SDOT,,Y,,
SDRL,,Y,,
SDST,,Y,,
SDSTW,,Y,,
SE,,Y,,
SEAL^A,,Y,,
SEAL^B,,Y,,
SEAT,,Y,,
SEATW,,Y,,
SEB,,Y,,
SEDG,,Y,,
SEE,,Y,,
SEED,,Y,,
SEER,,Y,,
SEG,,Y,,
SEI,,Y,,
SEIC,,Y,,
SELF,,Y,,
SELX,,Y,,
SEM,,Y,,
SEMR,,Y,,
SENEA,,Y,,
SENEB,,Y,,
SENS,,Y,,
SEPN,,Y,,
SER,,Y,,
SERA,,Y,,
SERV,,Y,,
SES,,Y,,
SEVN,,Y,,
SEZL,,Y,,
SF,,Y,,
SF^B,,Y,,
SF^C,,Y,,
SF^D,,Y,,
SFB,,Y,,
SFBC,,Y,,
SFBS,,Y,,
SFHG,,Y,,
SFIX,,Y,,
SFL,,Y,,
SFM,,Y,,
SFNC,,Y,,
SFST,,Y,,
SFWL,,Y,,
SG,,Y,,
SGA,,Y,,
SGBX,,Y,,
SGC,,Y,,
SGD,,Y,,
SGHC,,Y,,
SGHT,,Y,,
SGLY,,Y,,
SGMA,,Y,,
SGML,,Y,,
SGMO,,Y,,
SGMT,,Y,,
SGN,,Y,,
SGRP,,Y,,
SGRY,,Y,,
SGU,,Y,,
SHAK,,Y,,
SHBI,,Y,,
SHC,,Y,,
SHCO,,Y,,
SHEL,,Y,,
SHEN,,Y,,
SHFS,,Y,,
SHFSW,,Y,,
SHG,,Y,,
SHIM,,Y,,
SHIP,,Y,,
SHLS,,Y,,
SHLT,,Y,,
SHMD,,Y,,
SHMDW,,Y,,
SHO,,Y,,
SHO^H,,Y,,
SHO^I,,Y,,
SHOO,,Y,,
SHOP,,Y,,
SHOT,,Y,,
SHOTW,,Y,,
SHPH,,Y,,
SHW,,Y,,
SHYF,,Y,,
SIBN,,Y,,
SID,,Y,,
SIDU,,Y,,
SIEB,,Y,,
SIF,,Y,,
SIFY,,Y,,
SIG,,Y,,
SIGA,,Y,,
SIGI,,Y,,
SIGIP,,Y,,
SII,,Y,,
SILA,,Y,,
SILC,,Y,,
SILO,,Y,,
SILV,,Y,,
SIM,,Y,,
SIMA,,Y,,
SIMAU,,Y,,
SIMAW,,Y,,
SIMO,,Y,,
SINT,,Y,,
SIRI,,Y,,
SISI,,Y,,
SITC,,Y,,
SITE,,Y,,
SITM,,Y,,
SJ,,Y,,
SJM,,Y,,
SJT,,Y,,
SJW,,Y,,
SKBL,,Y,,
SKE,,Y,,
SKGR,,Y,,
SKGRW,,Y,,
SKIL,,Y,,
SKIN,,Y,,
SKK,,Y,,
SKLZ,,Y,,
SKM,,Y,,
SKT,,Y,,
SKWD,,Y,,
SKX,,Y,,
SKY,,Y,,
SKYE,,Y,,
SKYH,,Y,,
SKYQ,,Y,,
SKYT,,Y,,
SKYW,,Y,,
SKYX,,Y,,
SLAB,,Y,,
SLB,,Y,,
SLDB,,Y,,
SLDP,,Y,,
SLDPW,,Y,,
SLE,,Y,,
SLF,,Y,,
SLG,,Y,,
SLG^I,,Y,,
SLGL,,Y,,
SLGN,,Y,,
SLI,,Y,,
SLM,,Y,,
SLMBP,,Y,,
SLN,,Y,,
SLND,,Y,,
SLNG,,Y,,
SLNH,,Y,,
SLNHP,,Y,,
SLNO,,Y,,
SLP,,Y,,
SLQT,,Y,,
SLRC,,Y,,
SLRN,,Y,,
SLRX,,Y,,
SLS,,Y,,
SLSR,,Y,,
SLVM,,Y,,
SLXN,,Y,,
SLXNW,,Y,,
SM,,Y,,
SMBC,,Y,,
SMBK,,Y,,
SMC,,Y,,
SMCI,,Y,,
SMFG,,Y,,
SMG,,Y,,
SMHI,,Y,,
SMID,,Y,,
SMLR,,Y,,
SMMT,,Y,,
SMP,,Y,,
SMPL,,Y,,
SMR,,Y,,
SMRT,,Y,,
SMSI,,Y,,
SMTC,,Y,,
SMTI,,Y,,
SMTK,,Y,,
SMWB,,Y,,
SMX,,Y,,
SMXT,,Y,,
SMXWW,,Y,,
SN,,Y,,
SNA,,Y,,
SNAL,,Y,,
SNAP,,Y,,
SNAX,,Y,,
SNAXW,,Y,,
SNBR,,Y,,
SNCR,,Y,,
SNCRL,,Y,,
SNCY,,Y,,
SND,,Y,,
SNDA,,Y,,
SNDL,,Y,,
SNDR,,Y,,
SNDX,,Y,,
SNES,,Y,,
SNEX,,Y,,
SNFCA,,Y,,
SNGX,,Y,,
SNN,,Y,,
SNOA,,Y,,
SNOW,,Y,,
SNPS,,Y,,
SNPX,,Y,,
SNRE,,Y,,
SNSE,,Y,,
SNT,,Y,,
SNTG,,Y,,
SNTI,,Y,,
SNV,,Y,,
SNV^D,,Y,,
SNV^E,,Y,,
SNX,,Y,,
SNY,,Y,,
SNYR,,Y,,
SO,,Y,,
SOAR,,Y,,
SOBO,,Y,,
SOBR,,Y,,
SOC,,Y,,
SOFI,,Y,,
SOGP,,Y,,
SOHO,,Y,,
SOHOB,,Y,,
SOHON,,Y,,
SOHOO,,Y,,
SOHU,,Y,,
SOJC,,Y,,
SOJD,,Y,,
SOJE,,Y,,
SOJF,,Y,,
SOL,,Y,,
SOLV,,Y,,
SON,,Y,,
SOND,,Y,,
SONDW,,Y,,
SONM,,Y,,
SONN,,Y,,
SONO,,Y,,
SONY,,Y,,
SOPA,,Y,,
SOPH,,Y,,
SOR,,Y,,
SOS,,Y,,
SOTK,,Y,,
SOUN,,Y,,
SOUNW,,Y,,
SOWG,,Y,,
SPAI,,Y,,
SPB,,Y,,
SPCB,,Y,,
SPCE,,Y,,
SPE,,Y,,
SPE^C,,Y,,
SPFI,,Y,,
SPG,,Y,,
SPG^J,,Y,,
SPGC,,Y,,
SPGI,,Y,,
SPH,,Y,,
SPHAU,,Y,,
SPHL,,Y,,
SPHR,,Y,,
SPIR,,Y,,
SPKL,,Y,,
SPKLU,,Y,,
SPKLW,,Y,,
SPLP,,Y,,
SPLP^A,,Y,,
SPMA,,Y,,
SPMC,,Y,,
SPNS,,Y,,
SPNT,,Y,,
SPNT^B,,Y,,
SPOK,,Y,,
SPOT,,Y,,
SPPL,,Y,,
SPR,,Y,,
SPRB,,Y,,
SPRC,,Y,,
SPRO,,Y,,
SPRU,,Y,,
SPRY,,Y,,
SPSC,,Y,,
SPT,,Y,,
SPTN,,Y,,
SPWH,,Y,,
SPXC,,Y,,
SPXX,,Y,,
SQFT,,Y,,
SQFTP,,Y,,
SQFTW,,Y,,
SQM,,Y,,
SQNS,,Y,,
SR,,Y,,
SR^A,,Y,,
SRAD,,Y,,
SRBK,,Y,,
SRCE,,Y,,
SRDX,,Y,,
SRE,,Y,,
SREA,,Y,,
SRFM,,Y,,
SRG,,Y,,
SRG^A,,Y,,
SRI,,Y,,
SRL,,Y,,
SRM,,Y,,
SRPT,,Y,,
SRRK,,Y,,
SRTS,,Y,,
SRV,,Y,,
SRZN,,Y,,
SRZNW,,Y,,
SSB,,Y,,
SSBI,,Y,,
SSBK,,Y,,
SSD,,Y,,
SSKN,,Y,,
SSL,,Y,,
SSNC,,Y,,
SSP,,Y,,
SSRM,,Y,,
SSSS,,Y,,
SSSSL,,Y,,
SST,,Y,,
SSTI,,Y,,
SSTK,,Y,,
SSY,,Y,,
SSYS,,Y,,
ST,,Y,,
STAA,,Y,,
STAF,,Y,,
STAG,,Y,,
STAI,,Y,,
STBA,,Y,,
STBX,,Y,,
STC,,Y,,
STE,,Y,,
STEC,,Y,,
STEL,,Y,,
STEM,,Y,,
STEP,,Y,,
STEW,,Y,,
STFS,,Y,,
STG,,Y,,
STGW,,Y,,
STHO,,Y,,
STI,,Y,,
STIM,,Y,,
STK,,Y,,
STKH,,Y,,
STKL,,Y,,
STKS,,Y,,
STLA,,Y,,
STLD,,Y,,
STM,,Y,,
STN,,Y,,
STNE,,Y,,
STNG,,Y,,
STOK,,Y,,
STR,,Y,,
STRA,,Y,,
STRL,,Y,,
STRM,,Y,,
STRO,,Y,,
STRR,,Y,,
STRRP,,Y,,
STRS,,Y,,
STRT,,Y,,
STRW,,Y,,
STSS,,Y,,
STSSW,,Y,,
STT,,Y,,
STT^G,,Y,,
STTK,,Y,,
STVN,,Y,,
STWD,,Y,,
STX,,Y,,
STXS,,Y,,
STZ,,Y,,
SU,,Y,,
SUGP,,Y,,
SUI,,Y,,
SUM,,Y,,
SUN,,Y,,
SUNE,,Y,,
SUNS,,Y,,
SUP,,Y,,
SUPN,,Y,,
SUPV,,Y,,
SURG,,Y,,
SUUN,,Y,,
SUZ,,Y,,
SVC,,Y,,
SVCO,,Y,,
SVII,,Y,,
SVIIR,,Y,,
SVIIU,,Y,,
SVIIW,,Y,,
SVM,,Y,,
SVRA,,Y,,
SVRE,,Y,,
SVREW,,Y,,
SVT,,Y,,
SVV,,Y,,
SW,,Y,,
SWAG,,Y,,
SWAGW,,Y,,
SWBI,,Y,,
SWI,,Y,,
SWIM,,Y,,
SWIN,,Y,,
SWK,,Y,,
SWKH,,Y,,
SWKHL,,Y,,
SWKS,,Y,,
SWTX,,Y,,
SWVL,,Y,,
SWVLW,,Y,,
SWX,,Y,,
SWZ,,Y,,
SXC,,Y,,
SXI,,Y,,
SXT,,Y,,
SXTC,,Y,,
SXTP,,Y,,
SXTPW,,Y,,
SY,,Y,,
SYBT,,Y,,
SYBX,,Y,,
SYF,,Y,,
SYF^A,,Y,,
SYF^B,,Y,,
SYK,,Y,,
SYM,,Y,,
SYNA,,Y,,
SYNX,,Y,,
SYPR,,Y,,
SYRA,,Y,,
SYRE,,Y,,
SYRS,,Y,,
SYT,,Y,,
SYTA,,Y,,
SYTAW,,Y,,
SYY,,Y,,
T,,Y,,
T^A,,Y,,
T^C,,Y,,
TAC,,Y,,
TACT,,Y,,
TAIT,,Y,,
TAK,,Y,,
TAL,,Y,,
TALK,,Y,,
TALKW,,Y,,
TALO,,Y,,
TANH,,Y,,
TAOP,,Y,,
TAP,,Y,,
TARA,,Y,,
TARS,,Y,,
TASK,,Y,,
TATT,,Y,,
TAVI,,Y,,
TAVIR,,Y,,
TAVIU,,Y,,
TAYD,,Y,,
TBB,,Y,,
TBBB,,Y,,
TBBK,,Y,,
TBCH,,Y,,
TBI,,Y,,
TBLA,,Y,,
TBLAW,,Y,,
TBLD,,Y,,
TBMC,,Y,,
TBMCR,,Y,,
TBN,,Y,,
TBNK,,Y,,
TBPH,,Y,,
TBRG,,Y,,
TC,,Y,,
TCBI,,Y,,
TCBIO,,Y,,
TCBK,,Y,,
TCBP,,Y,,
TCBPW,,Y,,
TCBS,,Y,,
TCBX,,Y,,
TCI,,Y,,
TCMD,,Y,,
TCOM,,Y,,
TCPC,,Y,,
TCRT,,Y,,
TCRX,,Y,,
TCTM,,Y,,
TCX,,Y,,
TD,,Y,,
TDACU,,Y,,
TDC,,Y,,
TDF,,Y,,
TDG,,Y,,
TDOC,,Y,,
TDS,,Y,,
TDS^U,,Y,,
TDS^V,,Y,,
TDTH,,Y,,
TDUP,,Y,,
TDW,,Y,,
TDY,,Y,,
TEAF,,Y,,
TEAM,,Y,,
TECH,,Y,,
TECK,,Y,,
TECTP,,Y,,
TECX,,Y,,
TEF,,Y,,
TEI,,Y,,
TEL,,Y,,
TELA,,Y,,
TELO,,Y,,
TEM,,Y,,
TEN,,Y,,
TEN^E,,Y,,
TEN^F,,Y,,
TENB,,Y,,
TENX,,Y,,
TEO,,Y,,
TER,,Y,,
TERN,,Y,,
TEVA,,Y,,
TEX,,Y,,
TFC,,Y,,
TFC^I,,Y,,
TFC^O,,Y,,
TFC^R,,Y,,
TFII,,Y,,
TFIN,,Y,,
TFINP,,Y,,
TFPM,,Y,,
TFSA,,Y,,
TFSL,,Y,,
TFX,,Y,,
TG,,Y,,
TGB,,Y,,
TGI,,Y,,
TGL,,Y,,
TGLS,,Y,,
TGNA,,Y,,
TGS,,Y,,
TGT,,Y,,
TGTX,,Y,,
TH,,Y,,
THAR,,Y,,
THC,,Y,,
THCH,,Y,,
THFF,,Y,,
THG,,Y,,
THM,,Y,,
THO,,Y,,
THQ,,Y,,
THR,,Y,,
THRD,,Y,,
THRM,,Y,,
THRY,,Y,,
THS,,Y,,
THTX,,Y,,
THW,,Y,,
TIGO,,Y,,
TIGR,,Y,,
TIL,,Y,,
TILE,,Y,,
TIMB,,Y,,
TIPT,,Y,,
TIRX,,Y,,
TISI,,Y,,
TITN,,Y,,
TIVC,,Y,,
TIXT,,Y,,
TJX,,Y,,
TK,,Y,,
TKC,,Y,,
TKLF,,Y,,
TKNO,,Y,,
TKO,,Y,,
TKR,,Y,,
TLF,,Y,,
TLK,,Y,,
TLN,,Y,,
TLPH,,Y,,
TLRY,,Y,,
TLS,,Y,,
TLSA,,Y,,
TLSI,,Y,,
TLSIW,,Y,,
TLX,,Y,,
TLYS,,Y,,
TM,,Y,,
TMC,,Y,,
TMCI,,Y,,
TMCWW,,Y,,
TMDX,,Y,,
TME,,Y,,
TMHC,,Y,,
TMO,,Y,,
TMP,,Y,,
TMQ,,Y,,
TMUS,,Y,,
TNC,,Y,,
TNDM,,Y,,
TNET,,Y,,
TNFA,,Y,,
TNGX,,Y,,
TNK,,Y,,
TNL,,Y,,
TNMG,,Y,,
TNON,,Y,,
TNONW,,Y,,
TNXP,,Y,,
TNYA,,Y,,
TOI,,Y,,
TOIIW,,Y,,
TOL,,Y,,
TOMZ,,Y,,
TOON,,Y,,
TOP,,Y,,
TOPP,,Y,,
TOPS,,Y,,
TORO,,Y,,
TOST,,Y,,
TOUR,,Y,,
TOVX,,Y,,
TOWN,,Y,,
TOYO,,Y,,
TPB,,Y,,
TPC,,Y,,
TPCS,,Y,,
TPET,,Y,,
TPG,,Y,,
TPGXL,,Y,,
TPH,,Y,,
TPIC,,Y,,
TPL,,Y,,
TPR,,Y,,
TPST,,Y,,
TPTA,,Y,,
TPVG,,Y,,
TPX,,Y,,
TR,,Y,,
TRAK,,Y,,
TRAW,,Y,,
TRC,,Y,,
TRDA,,Y,,
TREE,,Y,,
TREX,,Y,,
TRGP,,Y,,
TRI,,Y,,
TRIB,,Y,,
TRIN,,Y,,
TRINI,,Y,,
TRINZ,,Y,,
TRIP,,Y,,
TRMB,,Y,,
TRMD,,Y,,
TRMK,,Y,,
TRML,,Y,,
TRN,,Y,,
TRNO,,Y,,
TRNR,,Y,,
TRNS,,Y,,
TROO,,Y,,
TROW,,Y,,
TROX,,Y,,
TRP,,Y,,
TRS,,Y,,
TRSG,,Y,,
TRST,,Y,,
TRT,,Y,,
TRTN^A,,Y,,
TRTN^B,,Y,,
TRTN^C,,Y,,
TRTN^D,,Y,,
TRTN^E,,Y,,
TRTX,,Y,,
TRTX^C,,Y,,
TRU,,Y,,
TRUE,,Y,,
TRUG,,Y,,
TRUP,,Y,,
TRV,,Y,,
TRVG,,Y,,
TRVI,,Y,,
TRX,,Y,,
TS,,Y,,
TSAT,,Y,,
TSBK,,Y,,
TSBX,,Y,,
TSCO,,Y,,
TSE,,Y,,
TSEM,,Y,,
TSHA,,Y,,
TSI,,Y,,
TSLA,,Y,,
TSLX,,Y,,
TSM,,Y,,
TSN,,Y,,
TSQ,,Y,,
TSSI,,Y,,
TSVT,,Y,,
TT,,Y,,
TTAN,,Y,,
TTC,,Y,,
TTD,,Y,,
TTE,,Y,,
TTEC,,Y,,
TTEK,,Y,,
TTGT,,Y,,
TTI,,Y,,
TTMI,,Y,,
TTNP,,Y,,
TTOO,,Y,,
TTSH,,Y,,
TTWO,,Y,,
TU,,Y,,
TURB,,Y,,
TURN,,Y,,
TUSK,,Y,,
TUYA,,Y,,
TV,,Y,,
TVC,,Y,,
TVE,,Y,,
TVGN,,Y,,
TVGNW,,Y,,
TVTX,,Y,,
TW,,Y,,
TWFG,,Y,,
TWG,,Y,,
TWI,,Y,,
TWIN,,Y,,
TWLO,,Y,,
TWN,,Y,,
TWO,,Y,,
TWO^A,,Y,,
TWO^B,,Y,,
TWO^C,,Y,,
TWST,,Y,,
TX,,Y,,
TXG,,Y,,
TXMD,,Y,,
TXN,,Y,,
TXNM,,Y,,
TXO,,Y,,
TXRH,,Y,,
TXT,,Y,,
TY,,Y,,
TY^,,Y,,
TYG,,Y,,
TYGO,,Y,,
TYL,,Y,,
TYRA,,Y,,
TZOO,,Y,,
TZUP,,Y,,
U,,Y,,
UA,,Y,,
UAA,,Y,,
UAL,,Y,,
UAMY,,Y,,
UAN,,Y,,
UAVS,,Y,,
UBCP,,Y,,
UBER,,Y,,
UBFO,,Y,,
UBS,,Y,,
UBSI,,Y,,
UBX,,Y,,
UBXG,,Y,,
UCAR,,Y,,
UCB,,Y,,
UCB^I,,Y,,
UCL,,Y,,
UCTT,,Y,,
UDMY,,Y,,
UDR,,Y,,
UE,,Y,,
UEC,,Y,,
UEIC,,Y,,
UFCS,,Y,,
UFG,,Y,,
UFI,,Y,,
UFPI,,Y,,
UFPT,,Y,,
UG,,Y,,
UGI,,Y,,
UGP,,Y,,
UGRO,,Y,,
UHAL,,Y,,
UHG,,Y,,
UHGWW,,Y,,
UHS,,Y,,
UHT,,Y,,
UI,,Y,,
UIS,,Y,,
UK,,Y,,
UKOMW,,Y,,
UL,,Y,,
ULBI,,Y,,
ULCC,,Y,,
ULH,,Y,,
ULS,,Y,,
ULTA,,Y,,
ULY,,Y,,
UMAC,,Y,,
UMBF,,Y,,
UMC,,Y,,
UMH,,Y,,
UMH^D,,Y,,
UNB,,Y,,
UNCY,,Y,,
UNF,,Y,,
UNFI,,Y,,
UNH,,Y,,
UNIT,,Y,,
UNM,,Y,,
UNMA,,Y,,
UNP,,Y,,
UNTY,,Y,,
UOKA,,Y,,
UONE,,Y,,
UONEK,,Y,,
UP,,Y,,
UPB,,Y,,
UPBD,,Y,,
UPC,,Y,,
UPLD,,Y,,
UPS,,Y,,
UPST,,Y,,
UPWK,,Y,,
UPXI,,Y,,
URBN,,Y,,
URG,,Y,,
URGN,,Y,,
URI,,Y,,
UROY,,Y,,
USA,,Y,,
USAC,,Y,,
USAS,,Y,,
USAU,,Y,,
USB,,Y,,
USB^A,,Y,,
USB^H,,Y,,
USB^P,,Y,,
USB^Q,,Y,,
USB^R,,Y,,
USB^S,,Y,,
USCB,,Y,,
USEA,,Y,,
USEG,,Y,,
USFD,,Y,,
USGO,,Y,,
USGOW,,Y,,
USIO,,Y,,
USLM,,Y,,
USM,,Y,,
USNA,,Y,,
USPH,,Y,,
UTF,,Y,,
UTG,,Y,,
UTHR,,Y,,
UTI,,Y,,
UTL,,Y,,
UTMD,,Y,,
UTSI,,Y,,
UTZ,,Y,,
UUU,,Y,,
UUUU,,Y,,
UVE,,Y,,
UVSP,,Y,,
UVV,,Y,,
UWMC,,Y,,
UXIN,,Y,,
UZD,,Y,,
UZE,,Y,,
UZF,,Y,,
V,,Y,,
VABK,,Y,,
VAC,,Y,,
VACH,,Y,,
VACHW,,Y,,
VAL,,Y,,
VALE,,Y,,
VALN,,Y,,
VALU,,Y,,
VANI,,Y,,
VATE,,Y,,
VBF,,Y,,
VBFC,,Y,,
VBNK,,Y,,
VBTX,,Y,,
VC,,Y,,
VCEL,,Y,,
VCIC,,Y,,
VCICU,,Y,,
VCICW,,Y,,
VCIG,,Y,,
VCSA,,Y,,
VCTR,,Y,,
VCV,,Y,,
VCYT,,Y,,
VECO,,Y,,
VEEA,,Y,,
VEEAW,,Y,,
VEEE,,Y,,
VEEV,,Y,,
VEL,,Y,,
VENU,,Y,,
VEON,,Y,,
VERA,,Y,,
VERB,,Y,,
VERI,,Y,,
VERO,,Y,,
VERU,,Y,,
VERV,,Y,,
VERX,,Y,,
VET,,Y,,
VFC,,Y,,
VFF,,Y,,
VFL,,Y,,
VFS,,Y,,
VFSWW,,Y,,
VG,,Y,,
VGAS,,Y,,
VGASW,,Y,,
VGI,,Y,,
VGM,,Y,,
VGZ,,Y,,
VHC,,Y,,
VHI,,Y,,
VIASP,,Y,,
VIAV,,Y,,
VICI,,Y,,
VICR,,Y,,
VIGL,,Y,,
VIK,,Y,,
VINC,,Y,,
VINE,,Y,,
VINP,,Y,,
VIOT,,Y,,
VIPS,,Y,,
VIR,,Y,,
VIRC,,Y,,
VIRT,,Y,,
VIRX,,Y,,
VISL,,Y,,
VIST,,Y,,
VITL,,Y,,
VIV,,Y,,
VIVK,,Y,,
VKI,,Y,,
VKQ,,Y,,
VKTX,,Y,,
VLCN,,Y,,
VLGEA,,Y,,
VLN,,Y,,
VLO,,Y,,
VLRS,,Y,,
VLT,,Y,,
VLTO,,Y,,
VLY,,Y,,
VLYPN,,Y,,
VLYPO,,Y,,
VLYPP,,Y,,
VMAR,,Y,,
VMC,,Y,,
VMCA,,Y,,
VMCAW,,Y,,
VMD,,Y,,
VMEO,,Y,,
VMI,,Y,,
VMO,,Y,,
VNCE,,Y,,
VNDA,,Y,,
VNET,,Y,,
VNO,,Y,,
VNO^L,,Y,,
VNO^M,,Y,,
VNO^N,,Y,,
VNO^O,,Y,,
VNOM,,Y,,
VNRX,,Y,,
VNT,,Y,,
VOC,,Y,,
VOD,,Y,,
VOR,,Y,,
VOXR,,Y,,
VOXX,,Y,,
VOYA,,Y,,
VOYA^B,,Y,,
VPG,,Y,,
VPV,,Y,,
VRA,,Y,,
VRAR,,Y,,
VRAX,,Y,,
VRCA,,Y,,
VRDN,,Y,,
VRE,,Y,,
VREX,,Y,,
VRME,,Y,,
VRMEW,,Y,,
VRN,,Y,,
VRNA,,Y,,
VRNS,,Y,,
VRNT,,Y,,
VRPX,,Y,,
VRRM,,Y,,
VRSK,,Y,,
VRSN,,Y,,
VRT,,Y,,
VRTS,,Y,,
VRTX,,Y,,
VS,,Y,,
VSAT,,Y,,
VSCO,,Y,,
VSEC,,Y,,
VSEE,,Y,,
VSEEW,,Y,,
VSH,,Y,,
VSME,,Y,,
VSSYW,,Y,,
VST,,Y,,
VSTA,,Y,,
VSTE,,Y,,
VSTEW,,Y,,
VSTM,,Y,,
VSTS,,Y,,
VTAK,,Y,,
VTEX,,Y,,
VTGN,,Y,,
VTLE,,Y,,
VTMX,,Y,,
VTN,,Y,,
VTOL,,Y,,
VTR,,Y,,
VTRS,,Y,,
VTS,,Y,,
VTSI,,Y,,
VTVT,,Y,,
VTYX,,Y,,
VUZI,,Y,,
VVOS,,Y,,
VVPR,,Y,,
VVR,,Y,,
VVV,,Y,,
VVX,,Y,,
VXRT,,Y,,
VYGR,,Y,,
VYNE,,Y,,
VYX,,Y,,
VZ,,Y,,
VZLA,,Y,,
W,,Y,,
WAB,,Y,,
WABC,,Y,,
WAFD,,Y,,
WAFDP,,Y,,
WAFU,,Y,,
WAI,,Y,,
WAL,,Y,,
WAL^A,,Y,,
WALD,,Y,,
WALDW,,Y,,
WASH,,Y,,
WAT,,Y,,
WATT,,Y,,
WAVE,,Y,,
WAY,,Y,,
WB,,Y,,
WBA,,Y,,
WBD,,Y,,
WBS,,Y,,
WBS^F,,Y,,
WBS^G,,Y,,
WBTN,,Y,,
WBUY,,Y,,
WBX,,Y,,
WCC,,Y,,
WCC^A,,Y,,
WCN,,Y,,
WCT,,Y,,
WD,,Y,,
WDAY,,Y,,
WDC,,Y,,
WDFC,,Y,,
WDH,,Y,,
WDI,,Y,,
WDS,,Y,,
WEA,,Y,,
WEAV,,Y,,
WEC,,Y,,
WELL,,Y,,
WEN,,Y,,
WERN,,Y,,
WES,,Y,,
WEST,,Y,,
WETH,,Y,,
WEX,,Y,,
WEYS,,Y,,
WF,,Y,,
WFC,,Y,,
WFC^A,,Y,,
WFC^C,,Y,,
WFC^D,,Y,,
WFC^L,,Y,,
WFC^Y,,Y,,
WFC^Z,,Y,,
WFCF,,Y,,
WFG,,Y,,
WFRD,,Y,,
WGO,,Y,,
WGS,,Y,,
WGSWW,,Y,,
WH,,Y,,
WHD,,Y,,
WHF,,Y,,
WHFCL,,Y,,
WHG,,Y,,
WHLR,,Y,,
WHLRD,,Y,,
WHLRL,,Y,,
WHLRP,,Y,,
WHR,,Y,,
WIA,,Y,,
WILC,,Y,,
WIMI,,Y,,
WINA,,Y,,
WING,,Y,,
WINT,,Y,,
WINV,,Y,,
WINVU,,Y,,
WINVW,,Y,,
WISA,,Y,,
WIT,,Y,,
WIW,,Y,,
WIX,,Y,,
WK,,Y,,
WKC,,Y,,
WKEY,,Y,,
WKHS,,Y,,
WKSP,,Y,,
WLAC,,Y,,
WLACU,,Y,,
WLACW,,Y,,
WLDN,,Y,,
WLDS,,Y,,
WLDSW,,Y,,
WLFC,,Y,,
WLGS,,Y,,
WLK,,Y,,
WLKP,,Y,,
WLY,,Y,,
WLYB,,Y,,
WM,,Y,,
WMB,,Y,,
WMG,,Y,,
WMK,,Y,,
WMPN,,Y,,
WMS,,Y,,
WMT,,Y,,
WNC,,Y,,
WNEB,,Y,,
WNS,,Y,,
WNW,,Y,,
WOK,,Y,,
WOLF,,Y,,
WOOF,,Y,,
WOR,,Y,,
WORX,,Y,,
WOW,,Y,,
WPC,,Y,,
WPM,,Y,,
WPP,,Y,,
WPRT,,Y,,
WRAP,,Y,,
WRB,,Y,,
WRB^E,,Y,,
WRB^F,,Y,,
WRB^G,,Y,,
WRB^H,,Y,,
WRBY,,Y,,
WRD,,Y,,
WRLD,,Y,,
WRN,,Y,,
WS,,Y,,
WSBC,,Y,,
WSBCP,,Y,,
WSBF,,Y,,
WSC,,Y,,
WSFS,,Y,,
WSM,,Y,,
WSO,,Y,,
WSO/B,,Y,,
WSR,,Y,,
WST,,Y,,
WT,,Y,,
WTBA,,Y,,
WTFC,,Y,,
WTFCM,,Y,,
WTFCP,,Y,,
WTI,,Y,,
WTM,,Y,,
WTO,,Y,,
WTRG,,Y,,
WTS,,Y,,
WTTR,,Y,,
WTW,,Y,,
WU,,Y,,
WULF,,Y,,
WVE,,Y,,
WVVI,,Y,,
WVVIP,,Y,,
WW,,Y,,
WWD,,Y,,
WWR,,Y,,
WWW,,Y,,
WY,,Y,,
WYHG,,Y,,
WYNN,,Y,,
WYY,,Y,,
X,,Y,,
XAIR,,Y,,
XBIO,,Y,,
XBIT,,Y,,
XBP,,Y,,
XBPEW,,Y,,
XCH,,Y,,
XCUR,,Y,,
XEL,,Y,,
XELB,,Y,,
XENE,,Y,,
XERS,,Y,,
XFLT,,Y,,
XFLT^A,,Y,,
XFOR,,Y,,
XGN,,Y,,
XHG,,Y,,
XHR,,Y,,
XIN,,Y,,
XLO,,Y,,
XMTR,,Y,,
XNCR,,Y,,
XNET,,Y,,
XOM,,Y,,
XOMA,,Y,,
XOMAO,,Y,,
XOMAP,,Y,,
XOS,,Y,,
XOSWW,,Y,,
XP,,Y,,
XPEL,,Y,,
XPER,,Y,,
XPEV,,Y,,
XPL,,Y,,
XPO,,Y,,
XPOF,,Y,,
XPON,,Y,,
XPRO,,Y,,
XRAY,,Y,,
XRTX,,Y,,
XRX,,Y,,
XTIA,,Y,,
XTKG,,Y,,
XTLB,,Y,,
XTNT,,Y,,
XWEL,,Y,,
XXII,,Y,,
XYF,,Y,,
XYL,,Y,,
XYLO,,Y,,
XYZ,,Y,,
YAAS,,Y,,
YALA,,Y,,
YCBD,,Y,,
YCBD^A,,Y,,
YELP,,Y,,
YETI,,Y,,
YEXT,,Y,,
YGMZ,,Y,,
YHC,,Y,,
YHGJ,,Y,,
YHNAR,,Y,,
YHNAU,,Y,,
YI,,Y,,
YIBO,,Y,,
YJ,,Y,,
YMAB,,Y,,
YMM,,Y,,
YORW,,Y,,
YOSH,,Y,,
YOTA,,Y,,
YOTAR,,Y,,
YOTAU,,Y,,
YOTAW,,Y,,
YOU,,Y,,
YPF,,Y,,
YQ,,Y,,
YRD,,Y,,
YSG,,Y,,
YSXT,,Y,,
YTRA,,Y,,
YUM,,Y,,
YUMC,,Y,,
YXT,,Y,,
YY,,Y,,
YYAI,,Y,,
YYGH,,Y,,
Z,,Y,,
ZAPP,,Y,,
ZAPPW,,Y,,
ZBAI,,Y,,
ZBAO,,Y,,
ZBH,,Y,,
ZBIO,,Y,,
ZBRA,,Y,,
ZCAR,,Y,,
ZCARW,,Y,,
ZCMD,,Y,,
ZD,,Y,,
ZDGE,,Y,,
ZENA,,Y,,
ZENV,,Y,,
ZEO,,Y,,
ZEOWW,,Y,,
ZEPP,,Y,,
ZETA,,Y,,
ZEUS,,Y,,
ZG,,Y,,
ZGN,,Y,,
ZH,,Y,,
ZI,,Y,,
ZIM,,Y,,
ZIMV,,Y,,
ZION,,Y,,
ZIONP,,Y,,
ZIP,,Y,,
ZJK,,Y,,
ZJYL,,Y,,
ZK,,Y,,
ZKH,,Y,,
ZKIN,,Y,,
ZLAB,,Y,,
ZM,,Y,,
ZNTL,,Y,,
ZOM,,Y,,
ZONE,,Y,,
ZOOZ,,Y,,
ZOOZW,,Y,,
ZS,,Y,,
ZSPC,,Y,,
ZTEK,,Y,,
ZTO,,Y,,
ZTR,,Y,,
ZTS,,Y,,
ZUMZ,,Y,,
ZUO,,Y,,
ZURA,,Y,,
ZVIA,,Y,,
ZVRA,,Y,,
ZVSA,,Y,,
ZWS,,Y,,
ZYBT,,Y,,
ZYME,,Y,,
ZYXI,,Y,,
